EmployeeID,Department,JobRole,Education,Gender,Age,MonthlyIncome,YearsAtCompany,HiringDate,Attrition
E1000,Operations,Manager,Bachelor,Male,24,20781,2,2023-07-08,No
E1001,Finance,Analyst,Doctor,Other,45,68120,10,2022-05-20,No
E1002,IT,Associate,Master,Other,23,91782,8,2023-07-20,No
E1003,Sales,Analyst,Bachelor,Female,39,136253,18,2020-07-05,No
E1004,Sales,Manager,Master,Other,43,34860,17,2024-02-20,No
E1005,R&D,Executive,Doctor,Other,59,104537,15,2018-02-12,Yes
E1006,Sales,Executive,Master,Male,48,140715,19,2021-12-26,No
E1007,Finance,Analyst,Below College,Male,34,137825,16,2024-10-15,No
E1008,IT,Executive,Master,Other,43,118901,0,2019-12-28,No
E1009,HR,Analyst,College,Other,28,144513,4,2021-05-13,No
E1010,Sales,Engineer,Bachelor,Other,45,67372,14,2019-11-23,Yes
E1011,IT,Analyst,Below College,Female,46,110073,10,2022-05-28,No
E1012,HR,Executive,Below College,Male,28,31398,5,2023-01-03,No
E1013,IT,Engineer,College,Male,59,36537,15,2020-12-21,No
E1014,Sales,Manager,College,Male,58,35229,0,2019-10-29,No
E1015,Sales,Associate,Below College,Female,24,138227,8,2022-02-13,No
E1016,Sales,Analyst,College,Female,27,56566,9,2019-05-28,No
E1017,IT,Executive,Below College,Female,20,157894,3,2024-08-28,No
E1018,Finance,Analyst,Bachelor,Other,31,114429,15,2020-11-01,No
E1019,HR,Associate,Master,Other,26,94336,6,2023-05-17,Yes
E1020,R&D,Executive,Below College,Female,39,127516,4,2019-06-26,Yes
E1021,Sales,Associate,Doctor,Other,25,100056,7,2024-07-13,No
E1022,HR,Associate,Master,Female,44,131949,4,2022-03-10,No
E1023,IT,Engineer,Doctor,Other,20,84270,9,2024-02-08,No
E1024,Sales,Executive,College,Female,54,144958,3,2019-12-16,No
E1025,IT,Manager,Below College,Other,29,57073,14,2019-03-16,No
E1026,IT,Engineer,Master,Female,34,113154,18,2023-12-11,No
E1027,R&D,Engineer,Below College,Other,58,125531,2,2023-12-19,No
E1028,IT,Associate,Doctor,Other,24,67187,6,2022-08-07,No
E1029,Sales,Analyst,Bachelor,Female,29,59530,1,2022-09-15,Yes
E1030,HR,Executive,Below College,Other,43,134949,14,2024-12-17,No
E1031,IT,Executive,Master,Other,55,111962,3,2022-11-15,No
E1032,HR,Associate,College,Male,23,105775,11,2023-09-07,No
E1033,Sales,Manager,Master,Other,28,124501,18,2020-01-23,No
E1034,R&D,Executive,Bachelor,Female,39,143985,9,2024-02-08,No
E1035,IT,Engineer,Bachelor,Female,21,67393,14,2021-04-01,No
E1036,Finance,Manager,Doctor,Other,20,63558,1,2020-03-09,No
E1037,Finance,Analyst,Bachelor,Female,36,93536,7,2020-06-16,No
E1038,R&D,Engineer,Below College,Other,51,86685,0,2024-08-11,No
E1039,Sales,Engineer,Doctor,Male,49,47014,19,2024-01-10,Yes
E1040,IT,Engineer,College,Male,48,52476,7,2023-05-05,Yes
E1041,Operations,Engineer,Doctor,Male,27,95488,2,2023-12-02,No
E1042,Finance,Analyst,Below College,Other,43,141813,14,2023-09-06,No
E1043,Sales,Manager,Doctor,Female,30,60161,10,2019-09-15,No
E1044,R&D,Analyst,Bachelor,Other,55,57511,8,2020-04-01,No
E1045,HR,Analyst,Master,Male,20,87716,9,2020-10-05,No
E1046,Operations,Executive,College,Male,27,33893,19,2018-12-04,No
E1047,Operations,Engineer,Bachelor,Male,43,154460,0,2022-10-13,No
E1048,Operations,Engineer,College,Male,48,148318,19,2020-02-06,No
E1049,IT,Executive,Master,Other,52,154655,18,2022-05-20,No
E1050,Sales,Executive,Bachelor,Other,41,61825,15,2023-04-11,No
E1051,Finance,Manager,Below College,Other,56,80798,10,2023-08-15,No
E1052,IT,Associate,Below College,Other,55,74149,10,2023-07-27,No
E1053,HR,Engineer,College,Other,53,105504,4,2020-12-21,No
E1054,Finance,Engineer,Below College,Other,23,26480,6,2021-08-28,No
E1055,IT,Associate,Master,Other,47,132707,6,2023-10-10,Yes
E1056,HR,Analyst,Below College,Male,53,54766,8,2018-02-01,No
E1057,Finance,Analyst,Bachelor,Male,39,82196,7,2022-09-14,Yes
E1058,R&D,Executive,Bachelor,Male,47,129959,14,2023-04-20,No
E1059,HR,Associate,Master,Other,24,20869,0,2024-06-20,No
E1060,Finance,Analyst,Bachelor,Female,39,120404,4,2020-10-25,No
E1061,HR,Analyst,Bachelor,Female,53,100289,4,2018-07-18,No
E1062,IT,Engineer,Bachelor,Male,50,128206,12,2019-03-14,No
E1063,R&D,Engineer,Bachelor,Other,57,21867,19,2023-01-15,No
E1064,Finance,Executive,College,Other,29,84792,12,2021-08-03,No
E1065,IT,Engineer,College,Female,49,132126,16,2020-11-18,No
E1066,Finance,Associate,College,Female,37,97754,3,2020-01-29,No
E1067,Finance,Executive,Doctor,Male,51,134810,19,2024-12-17,No
E1068,Finance,Associate,Below College,Female,22,148655,9,2022-06-28,No
E1069,Sales,Manager,Master,Other,39,66701,5,2019-12-25,No
E1070,IT,Analyst,Below College,Male,38,127755,13,2023-06-12,No
E1071,HR,Manager,Master,Other,41,137639,1,2022-05-05,No
E1072,HR,Analyst,Bachelor,Other,23,46781,12,2024-07-17,No
E1073,HR,Associate,Below College,Female,31,65978,5,2023-12-22,No
E1074,Sales,Manager,College,Female,36,83771,5,2021-10-09,No
E1075,Finance,Engineer,Master,Female,32,153039,15,2021-03-24,No
E1076,Operations,Manager,Bachelor,Other,49,121678,0,2021-09-02,No
E1077,Finance,Analyst,Below College,Other,29,42683,10,2019-03-14,Yes
E1078,HR,Executive,Bachelor,Other,32,121008,4,2023-07-13,No
E1079,Sales,Engineer,College,Female,23,79240,1,2019-06-11,No
E1080,R&D,Engineer,Bachelor,Other,34,102892,14,2022-05-24,No
E1081,Operations,Manager,Master,Male,40,96725,7,2020-10-30,No
E1082,HR,Analyst,Master,Female,35,86503,17,2024-05-24,No
E1083,R&D,Manager,Master,Other,55,22032,0,2022-11-06,Yes
E1084,Finance,Engineer,Below College,Female,24,122373,17,2021-09-18,Yes
E1085,Finance,Engineer,Doctor,Female,28,137063,0,2024-12-29,No
E1086,Sales,Associate,Bachelor,Female,46,104976,2,2021-02-16,No
E1087,Operations,Engineer,Below College,Male,43,35600,11,2020-04-04,No
E1088,R&D,Associate,Below College,Other,33,143723,2,2021-07-21,No
E1089,IT,Manager,Bachelor,Other,59,155418,15,2021-06-20,No
E1090,IT,Engineer,Master,Male,23,52274,17,2019-08-19,Yes
E1091,HR,Executive,Doctor,Female,49,53580,17,2023-02-23,No
E1092,Finance,Analyst,Doctor,Female,32,96926,16,2019-08-21,Yes
E1093,Operations,Executive,Below College,Male,32,145193,15,2020-03-22,No
E1094,Finance,Engineer,Master,Female,35,54657,5,2020-09-03,No
E1095,Sales,Engineer,Doctor,Female,49,25700,10,2021-01-04,No
E1096,IT,Associate,Bachelor,Other,28,74530,16,2021-08-12,No
E1097,Operations,Engineer,College,Female,58,32440,10,2023-11-04,No
E1098,Operations,Associate,Master,Other,26,77086,6,2020-02-24,No
E1099,Sales,Executive,Bachelor,Male,41,134904,1,2021-09-01,No
E1100,Finance,Manager,Bachelor,Male,47,37201,14,2024-12-09,No
E1101,Finance,Manager,Below College,Other,27,151758,17,2019-12-21,No
E1102,R&D,Engineer,Bachelor,Female,37,110234,19,2019-10-17,No
E1103,R&D,Manager,Master,Other,25,84985,13,2022-04-26,No
E1104,Operations,Manager,Master,Other,56,125879,5,2020-09-08,No
E1105,Operations,Engineer,Master,Female,49,122526,6,2020-05-29,Yes
E1106,Operations,Executive,Master,Other,46,129186,15,2018-06-06,Yes
E1107,HR,Analyst,Below College,Male,20,53061,19,2018-07-27,No
E1108,Finance,Associate,Below College,Other,42,77045,3,2019-03-25,No
E1109,Sales,Manager,Bachelor,Male,54,120533,12,2024-01-31,No
E1110,Finance,Executive,College,Male,32,119976,15,2024-12-17,No
E1111,IT,Analyst,Bachelor,Other,26,90303,12,2019-02-23,No
E1112,Finance,Analyst,Bachelor,Male,54,86843,4,2022-03-12,No
E1113,Operations,Associate,Doctor,Other,49,27490,11,2023-07-13,No
E1114,Operations,Manager,College,Other,58,158837,16,2019-08-03,No
E1115,IT,Associate,College,Female,37,95843,11,2024-10-18,No
E1116,HR,Engineer,Doctor,Female,25,118601,17,2021-07-08,No
E1117,R&D,Engineer,Doctor,Female,35,40889,7,2023-09-14,Yes
E1118,Sales,Engineer,Below College,Other,32,31798,17,2019-09-20,No
E1119,R&D,Executive,Master,Other,48,90982,11,2023-09-30,No
E1120,HR,Executive,College,Other,57,120165,16,2024-12-03,No
E1121,HR,Associate,Bachelor,Female,29,99805,17,2024-10-25,Yes
E1122,Operations,Manager,Master,Other,43,99648,18,2020-11-24,No
E1123,Sales,Associate,Bachelor,Female,41,154317,9,2022-09-24,No
E1124,Finance,Analyst,Bachelor,Other,24,121180,10,2019-11-11,Yes
E1125,Operations,Engineer,Doctor,Female,47,107210,10,2021-02-26,No
E1126,HR,Executive,Doctor,Other,32,80666,12,2022-03-23,No
E1127,IT,Engineer,Master,Other,31,30882,19,2023-03-11,No
E1128,IT,Analyst,Master,Other,26,44751,4,2024-08-24,No
E1129,Operations,Executive,College,Other,53,123807,17,2021-06-20,No
E1130,R&D,Manager,College,Other,41,81249,17,2020-11-22,No
E1131,R&D,Analyst,Master,Female,41,114542,1,2022-06-07,No
E1132,Sales,Manager,Doctor,Female,50,67704,7,2022-03-28,No
E1133,Operations,Manager,Doctor,Other,48,139401,2,2024-11-06,No
E1134,Finance,Manager,College,Male,32,31040,0,2018-07-25,Yes
E1135,HR,Executive,Master,Other,32,84580,19,2024-12-01,No
E1136,HR,Engineer,Below College,Male,56,100031,10,2021-10-26,No
E1137,R&D,Executive,Bachelor,Male,27,112524,18,2022-06-21,No
E1138,Operations,Associate,Bachelor,Female,41,46862,17,2024-11-14,No
E1139,Sales,Associate,Bachelor,Male,58,156224,8,2020-04-28,No
E1140,Operations,Manager,Bachelor,Male,35,98429,0,2023-10-31,No
E1141,Operations,Manager,College,Male,38,159185,0,2018-10-05,Yes
E1142,R&D,Analyst,Below College,Female,48,133138,18,2018-01-04,No
E1143,R&D,Manager,Master,Male,36,21972,11,2021-08-07,No
E1144,Finance,Analyst,Bachelor,Male,25,72106,19,2022-09-18,No
E1145,Finance,Manager,Master,Male,55,53656,0,2019-09-24,Yes
E1146,HR,Associate,Below College,Male,33,41841,10,2018-02-05,No
E1147,Finance,Executive,Bachelor,Other,52,97909,15,2021-07-10,Yes
E1148,Finance,Associate,Master,Other,43,120518,0,2023-09-11,No
E1149,Sales,Analyst,Master,Female,51,68392,6,2021-01-17,No
E1150,IT,Manager,Doctor,Other,53,65881,16,2018-12-13,No
E1151,R&D,Manager,College,Other,47,56382,10,2022-09-23,No
E1152,Operations,Engineer,Doctor,Male,34,52758,4,2020-10-26,No
E1153,Sales,Manager,Below College,Other,52,41632,14,2018-07-13,No
E1154,Sales,Manager,Bachelor,Male,54,156497,3,2022-06-18,Yes
E1155,Finance,Manager,Doctor,Other,51,131269,18,2023-02-09,Yes
E1156,Sales,Executive,Bachelor,Other,58,78980,5,2023-07-23,No
E1157,IT,Executive,Master,Male,38,88769,8,2021-08-20,No
E1158,Finance,Manager,College,Other,29,132389,3,2024-01-05,Yes
E1159,Sales,Executive,Bachelor,Male,29,83251,7,2020-10-03,No
E1160,Finance,Manager,Below College,Female,33,102178,0,2018-08-29,No
E1161,Finance,Analyst,Master,Male,41,61242,15,2021-07-19,No
E1162,Sales,Associate,College,Other,21,73174,15,2021-02-22,Yes
E1163,Operations,Engineer,Doctor,Other,51,106077,10,2023-01-22,No
E1164,IT,Associate,Doctor,Female,34,74319,6,2021-06-07,No
E1165,Finance,Analyst,Below College,Female,36,137286,14,2023-10-21,No
E1166,HR,Analyst,College,Female,45,25507,11,2024-05-09,No
E1167,Finance,Engineer,Doctor,Male,53,78040,11,2018-09-03,No
E1168,IT,Executive,Bachelor,Other,41,69725,8,2021-05-29,Yes
E1169,IT,Manager,Doctor,Male,39,96550,3,2020-11-29,No
E1170,Sales,Executive,Master,Other,38,121552,6,2023-03-11,Yes
E1171,Operations,Manager,Master,Other,20,27844,9,2021-05-31,No
E1172,Operations,Manager,Below College,Male,33,97447,13,2018-04-22,No
E1173,R&D,Engineer,Doctor,Other,30,142342,13,2024-05-08,No
E1174,R&D,Executive,College,Female,47,62891,14,2019-02-22,No
E1175,Operations,Analyst,Doctor,Other,48,88208,8,2018-02-07,No
E1176,Finance,Analyst,Master,Other,28,138488,7,2021-10-05,No
E1177,HR,Engineer,Below College,Female,53,157034,16,2021-02-26,Yes
E1178,HR,Executive,College,Male,56,72797,8,2020-04-14,No
E1179,IT,Associate,Doctor,Other,45,140093,14,2022-05-06,No
E1180,Sales,Associate,Master,Female,48,46084,7,2024-09-01,Yes
E1181,R&D,Analyst,Doctor,Male,27,147486,12,2018-05-01,No
E1182,Finance,Engineer,Bachelor,Female,35,131540,16,2021-11-01,No
E1183,Operations,Associate,Doctor,Other,20,149625,13,2021-06-01,No
E1184,HR,Executive,Doctor,Female,38,147096,9,2023-11-24,No
E1185,Sales,Analyst,Doctor,Male,59,123184,10,2020-07-02,No
E1186,IT,Associate,Below College,Male,20,87280,15,2023-05-17,No
E1187,R&D,Executive,College,Female,29,37872,5,2019-08-19,No
E1188,Sales,Associate,Master,Other,54,145379,2,2020-06-21,No
E1189,HR,Associate,Bachelor,Male,25,120607,13,2019-11-01,No
E1190,IT,Analyst,Below College,Other,41,118842,5,2024-12-27,No
E1191,Operations,Analyst,College,Other,36,30685,11,2021-07-18,No
E1192,R&D,Engineer,Below College,Female,31,124692,14,2020-11-03,No
E1193,Sales,Executive,College,Other,52,122053,11,2023-01-29,No
E1194,IT,Associate,Below College,Other,56,156665,19,2021-02-17,Yes
E1195,Sales,Executive,Bachelor,Female,25,91560,18,2018-05-19,Yes
E1196,Operations,Associate,Doctor,Other,48,22241,11,2018-12-14,No
E1197,Sales,Analyst,College,Other,49,137407,6,2019-10-18,No
E1198,IT,Analyst,Bachelor,Female,51,108622,2,2022-12-26,No
E1199,Sales,Manager,College,Male,27,154558,17,2024-08-12,No
E1200,Sales,Manager,Master,Male,48,107992,17,2024-07-23,Yes
E1201,Finance,Associate,Doctor,Female,34,53968,10,2023-04-19,Yes
E1202,Operations,Engineer,Doctor,Male,33,64388,14,2018-02-12,No
E1203,Finance,Executive,College,Male,39,98777,8,2018-10-07,No
E1204,R&D,Manager,Master,Male,33,89809,8,2020-09-13,No
E1205,Sales,Analyst,College,Female,44,103081,6,2023-12-08,No
E1206,Operations,Executive,Below College,Male,23,158266,13,2021-06-03,Yes
E1207,Sales,Engineer,College,Female,27,82237,2,2018-04-19,No
E1208,HR,Manager,College,Male,52,146314,7,2024-07-12,No
E1209,Operations,Analyst,Doctor,Male,53,110036,18,2024-10-04,No
E1210,IT,Manager,Doctor,Female,31,82377,19,2019-09-29,No
E1211,HR,Manager,Bachelor,Other,47,29167,3,2018-05-09,No
E1212,R&D,Executive,Doctor,Male,24,94511,12,2022-01-09,No
E1213,Sales,Analyst,Master,Male,58,115854,1,2019-08-28,No
E1214,IT,Engineer,Bachelor,Male,51,48184,17,2024-07-19,No
E1215,R&D,Executive,Bachelor,Other,50,142881,7,2018-11-18,Yes
E1216,Finance,Associate,Below College,Female,34,124890,6,2020-03-30,No
E1217,R&D,Engineer,College,Other,32,55347,8,2020-10-02,No
E1218,IT,Analyst,Bachelor,Male,36,32137,5,2022-05-06,No
E1219,IT,Manager,Bachelor,Female,46,118656,19,2021-02-11,Yes
E1220,Sales,Analyst,Doctor,Male,52,150130,3,2020-01-06,No
E1221,Finance,Analyst,Doctor,Other,53,148245,17,2024-10-05,No
E1222,IT,Analyst,Below College,Male,28,60419,14,2021-03-27,No
E1223,Sales,Engineer,Master,Female,50,109073,18,2019-03-07,Yes
E1224,IT,Manager,Doctor,Male,53,90936,12,2021-04-22,No
E1225,Sales,Manager,College,Male,35,52098,19,2021-02-27,No
E1226,Sales,Analyst,College,Female,42,35562,7,2023-07-13,Yes
E1227,R&D,Associate,Below College,Other,54,29762,4,2024-11-29,No
E1228,Operations,Associate,College,Other,32,72500,4,2024-11-12,No
E1229,R&D,Engineer,Doctor,Other,24,39255,19,2019-10-03,No
E1230,R&D,Associate,Below College,Female,40,139107,18,2019-03-21,No
E1231,R&D,Associate,Below College,Male,38,87360,16,2018-06-13,No
E1232,Sales,Manager,Bachelor,Male,41,32303,0,2021-06-04,No
E1233,R&D,Analyst,Master,Other,42,83190,0,2018-08-15,Yes
E1234,IT,Associate,College,Male,38,24925,18,2024-02-04,No
E1235,Finance,Manager,Below College,Female,25,66293,18,2020-03-25,No
E1236,Sales,Engineer,Bachelor,Male,59,77833,6,2021-01-14,No
E1237,Operations,Engineer,Below College,Other,25,48900,3,2020-10-08,No
E1238,R&D,Engineer,Master,Other,25,34913,3,2020-12-04,No
E1239,HR,Associate,Master,Other,26,112087,7,2024-08-06,No
E1240,Sales,Analyst,College,Other,51,142587,8,2022-05-27,No
E1241,R&D,Manager,College,Male,49,65294,18,2023-11-26,No
E1242,Finance,Associate,Below College,Male,36,40333,5,2022-09-14,No
E1243,HR,Manager,Master,Female,24,156568,13,2021-10-12,No
E1244,HR,Manager,Bachelor,Female,58,112882,19,2019-03-26,No
E1245,R&D,Analyst,Bachelor,Male,33,135640,17,2023-09-19,No
E1246,Operations,Associate,Master,Male,22,37447,8,2021-09-01,No
E1247,HR,Analyst,Below College,Male,32,151638,12,2018-09-21,No
E1248,HR,Associate,Bachelor,Female,44,71637,16,2023-05-26,No
E1249,Finance,Executive,Bachelor,Male,47,80022,15,2022-06-15,No
E1250,IT,Engineer,Doctor,Male,36,126445,12,2018-06-10,No
E1251,Operations,Engineer,Bachelor,Female,25,120923,2,2020-05-01,No
E1252,HR,Engineer,College,Male,49,115165,7,2024-04-10,No
E1253,Sales,Executive,College,Male,29,37200,9,2022-05-31,No
E1254,IT,Executive,Doctor,Other,59,111549,14,2023-01-11,No
E1255,IT,Associate,College,Other,34,73958,11,2023-04-16,No
E1256,R&D,Associate,Below College,Other,26,53353,5,2022-02-21,No
E1257,HR,Manager,College,Other,22,125037,6,2024-09-28,No
E1258,R&D,Executive,Bachelor,Female,57,146273,17,2024-05-31,No
E1259,IT,Analyst,College,Other,42,127171,9,2024-11-18,No
E1260,R&D,Manager,College,Female,29,140964,13,2018-10-30,Yes
E1261,Operations,Engineer,College,Female,55,95915,15,2021-08-18,No
E1262,Operations,Manager,Doctor,Other,35,109918,8,2020-03-31,No
E1263,R&D,Executive,Master,Male,40,29264,15,2021-05-23,Yes
E1264,IT,Manager,Bachelor,Female,52,20274,5,2021-12-23,Yes
E1265,Finance,Associate,Master,Other,55,50345,4,2021-04-01,No
E1266,Operations,Engineer,Doctor,Other,41,144036,14,2020-03-05,No
E1267,R&D,Analyst,College,Male,26,56891,5,2019-03-06,No
E1268,Finance,Manager,Doctor,Other,40,132829,10,2020-06-16,No
E1269,Operations,Manager,Master,Female,20,101026,13,2019-11-23,No
E1270,R&D,Manager,Master,Female,40,55131,1,2022-08-17,No
E1271,Finance,Analyst,Master,Male,53,84065,11,2024-01-30,No
E1272,IT,Manager,Doctor,Female,41,22860,1,2019-06-11,Yes
E1273,Sales,Executive,Master,Female,22,113026,7,2024-07-04,No
E1274,Sales,Engineer,Bachelor,Other,31,50581,4,2019-12-18,Yes
E1275,R&D,Engineer,College,Male,31,156133,4,2022-11-01,No
E1276,Finance,Manager,Bachelor,Female,56,60238,17,2021-09-18,No
E1277,HR,Associate,Doctor,Female,28,91499,1,2022-08-19,No
E1278,R&D,Engineer,Master,Male,27,138458,6,2023-08-10,No
E1279,Operations,Engineer,Doctor,Female,27,123585,18,2023-04-27,No
E1280,Operations,Executive,Bachelor,Female,41,127583,0,2023-10-13,Yes
E1281,IT,Associate,Bachelor,Male,39,112538,15,2021-01-08,No
E1282,HR,Engineer,Doctor,Male,59,99473,1,2024-02-15,No
E1283,R&D,Associate,Master,Male,42,99793,2,2019-07-20,No
E1284,IT,Analyst,Doctor,Other,55,83478,15,2018-07-13,No
E1285,Finance,Analyst,Doctor,Other,37,130545,5,2019-01-05,No
E1286,HR,Analyst,Doctor,Male,53,71488,7,2019-05-28,No
E1287,R&D,Analyst,Below College,Male,28,101840,17,2023-05-12,Yes
E1288,Sales,Engineer,Below College,Female,35,85944,0,2019-02-02,No
E1289,IT,Associate,Bachelor,Other,30,141241,5,2019-04-20,No
E1290,Operations,Associate,Bachelor,Female,38,56116,10,2024-08-22,Yes
E1291,Sales,Engineer,Master,Female,47,110741,16,2023-06-11,Yes
E1292,Operations,Manager,Below College,Other,37,111641,3,2018-02-03,No
E1293,HR,Manager,Below College,Other,46,94870,5,2024-08-27,No
E1294,Sales,Associate,Bachelor,Other,59,90414,19,2024-03-01,No
E1295,Sales,Executive,Doctor,Other,20,28986,0,2020-10-03,No
E1296,IT,Analyst,College,Male,28,57749,2,2020-02-12,No
E1297,Finance,Analyst,College,Female,33,79957,17,2021-02-07,No
E1298,HR,Analyst,Below College,Male,44,33696,4,2022-07-03,Yes
E1299,IT,Engineer,College,Female,32,64811,1,2024-05-15,No
E1300,Sales,Executive,College,Other,54,115297,10,2018-04-04,Yes
E1301,Sales,Associate,Below College,Male,23,155013,17,2018-06-18,No
E1302,Operations,Manager,Doctor,Female,52,106627,10,2021-12-18,No
E1303,R&D,Executive,College,Female,46,24682,7,2020-12-26,No
E1304,R&D,Engineer,Bachelor,Female,37,91940,12,2021-08-20,No
E1305,Operations,Manager,Doctor,Other,31,60384,19,2023-07-10,No
E1306,IT,Analyst,Doctor,Other,21,60306,10,2023-02-17,Yes
E1307,IT,Executive,Below College,Female,57,136248,4,2018-07-15,No
E1308,R&D,Executive,Below College,Female,57,151577,17,2022-01-07,No
E1309,Operations,Analyst,College,Other,29,111251,3,2019-12-15,No
E1310,R&D,Executive,Below College,Male,47,25222,14,2022-10-31,No
E1311,IT,Executive,Bachelor,Female,39,52317,8,2020-04-09,No
E1312,Finance,Executive,Below College,Other,40,32361,5,2023-09-11,No
E1313,R&D,Analyst,Below College,Female,22,150160,18,2023-08-07,No
E1314,R&D,Manager,Below College,Female,28,148293,7,2021-01-08,No
E1315,Operations,Associate,Master,Other,40,63327,16,2022-09-08,No
E1316,HR,Analyst,Bachelor,Female,30,139542,9,2018-10-13,No
E1317,Finance,Manager,Below College,Female,52,73823,11,2019-06-13,No
E1318,Operations,Engineer,Bachelor,Male,22,26645,1,2023-08-21,No
E1319,IT,Executive,Master,Female,42,154141,3,2018-11-05,No
E1320,IT,Engineer,Bachelor,Female,23,45353,7,2020-10-19,No
E1321,Sales,Analyst,Bachelor,Other,48,47892,5,2019-08-11,No
E1322,HR,Manager,Master,Female,35,88795,2,2024-05-07,No
E1323,IT,Executive,College,Male,58,93310,18,2022-09-26,No
E1324,Sales,Executive,Below College,Female,29,135269,12,2023-12-23,No
E1325,Finance,Manager,College,Male,56,118715,2,2022-07-18,Yes
E1326,Finance,Analyst,College,Other,32,87046,8,2020-10-16,No
E1327,R&D,Manager,Master,Female,54,153509,1,2018-09-17,Yes
E1328,HR,Manager,Below College,Male,56,86573,14,2020-04-18,No
E1329,Sales,Associate,Below College,Female,42,89267,5,2022-03-12,No
E1330,IT,Manager,Master,Female,25,137996,13,2024-01-10,No
E1331,Finance,Manager,Bachelor,Male,35,34857,15,2018-02-11,No
E1332,Sales,Associate,Bachelor,Male,23,81337,5,2024-12-24,No
E1333,Operations,Executive,Doctor,Other,57,133636,13,2023-06-04,No
E1334,Operations,Executive,College,Other,42,70668,19,2018-01-18,No
E1335,HR,Executive,Bachelor,Other,34,36476,4,2024-03-15,No
E1336,IT,Associate,Master,Male,56,54138,3,2022-10-13,Yes
E1337,Operations,Associate,Doctor,Male,39,153554,3,2023-09-30,No
E1338,IT,Analyst,Master,Male,57,112434,10,2021-09-28,No
E1339,HR,Analyst,College,Other,43,71298,2,2023-11-09,No
E1340,R&D,Executive,Below College,Male,25,117232,14,2022-04-28,No
E1341,Operations,Analyst,College,Female,44,58551,12,2022-11-29,No
E1342,Operations,Manager,Bachelor,Other,31,103971,10,2018-12-11,No
E1343,HR,Analyst,Master,Other,46,91599,4,2024-03-26,No
E1344,Sales,Associate,Below College,Female,54,135413,9,2018-08-22,No
E1345,Sales,Engineer,Below College,Female,36,44412,2,2018-01-17,No
E1346,Finance,Engineer,Below College,Female,39,153809,1,2018-07-20,No
E1347,IT,Manager,College,Male,54,143385,9,2024-06-28,No
E1348,Sales,Associate,Doctor,Other,30,24909,13,2018-01-21,Yes
E1349,HR,Engineer,Master,Other,24,88832,6,2021-11-03,No
E1350,Operations,Analyst,Bachelor,Female,23,154959,13,2020-07-27,Yes
E1351,IT,Executive,Bachelor,Other,24,111130,13,2019-06-19,No
E1352,IT,Engineer,Bachelor,Female,27,157575,14,2023-08-26,No
E1353,Operations,Executive,College,Male,22,66898,4,2020-09-08,No
E1354,HR,Analyst,Doctor,Other,59,154637,9,2021-01-08,No
E1355,IT,Analyst,Doctor,Female,30,49027,9,2018-10-18,No
E1356,IT,Engineer,Bachelor,Female,28,91758,9,2019-06-19,No
E1357,HR,Executive,Bachelor,Male,49,145252,9,2021-03-08,No
E1358,Operations,Engineer,Bachelor,Female,24,142665,5,2018-02-27,No
E1359,HR,Analyst,Bachelor,Male,20,97880,2,2022-02-19,No
E1360,Sales,Analyst,Master,Female,43,155552,19,2019-03-06,No
E1361,Finance,Engineer,Doctor,Other,40,46009,5,2024-03-14,No
E1362,Operations,Analyst,Bachelor,Male,49,20988,7,2021-01-07,No
E1363,IT,Engineer,Master,Female,51,43889,9,2021-10-08,No
E1364,Finance,Executive,Bachelor,Other,42,60090,7,2019-06-02,No
E1365,R&D,Analyst,College,Male,50,47034,6,2024-02-26,No
E1366,R&D,Analyst,Master,Male,20,95574,7,2023-12-27,No
E1367,Sales,Engineer,College,Female,54,124298,12,2018-09-30,No
E1368,Finance,Executive,College,Female,40,139602,3,2018-07-25,No
E1369,IT,Engineer,Master,Male,35,30000,13,2020-07-16,No
E1370,HR,Engineer,Doctor,Other,40,42527,3,2024-10-26,No
E1371,HR,Associate,Bachelor,Other,37,109981,9,2020-06-03,No
E1372,R&D,Analyst,Doctor,Other,30,132438,3,2024-02-15,No
E1373,IT,Analyst,Doctor,Other,20,20144,10,2022-05-18,Yes
E1374,Finance,Executive,Below College,Other,20,128416,4,2020-07-19,No
E1375,Finance,Associate,College,Female,54,118878,13,2019-04-13,Yes
E1376,HR,Associate,College,Male,55,103193,3,2022-08-02,No
E1377,Finance,Analyst,College,Female,48,149470,4,2018-07-18,Yes
E1378,Operations,Engineer,Master,Other,55,56115,12,2019-05-09,No
E1379,HR,Analyst,Master,Male,41,108165,10,2021-11-05,No
E1380,Sales,Associate,College,Female,58,51495,1,2018-09-10,No
E1381,HR,Analyst,Below College,Female,44,28234,15,2018-05-11,No
E1382,Finance,Analyst,Bachelor,Male,42,56860,4,2021-02-04,No
E1383,IT,Associate,Bachelor,Female,43,84988,3,2024-08-17,Yes
E1384,HR,Manager,Doctor,Other,48,99579,10,2021-07-01,No
E1385,Sales,Associate,Bachelor,Other,31,154991,11,2024-02-24,No
E1386,HR,Executive,College,Female,31,125803,1,2024-03-09,No
E1387,Operations,Analyst,College,Female,42,155519,18,2020-05-11,No
E1388,R&D,Analyst,Doctor,Other,48,91702,11,2023-03-15,No
E1389,IT,Analyst,Doctor,Female,56,121393,4,2020-12-27,No
E1390,R&D,Associate,Below College,Male,22,145977,13,2023-05-08,Yes
E1391,Finance,Analyst,Bachelor,Other,49,87916,14,2024-10-08,No
E1392,R&D,Analyst,Master,Other,59,75228,11,2019-08-10,Yes
E1393,Finance,Manager,College,Other,28,131197,11,2018-08-17,No
E1394,R&D,Manager,Bachelor,Female,58,140830,3,2023-05-31,No
E1395,Finance,Associate,Master,Male,46,56464,2,2024-10-12,No
E1396,HR,Engineer,Below College,Other,37,86518,0,2023-11-19,No
E1397,R&D,Analyst,Doctor,Female,36,142709,15,2018-04-29,No
E1398,HR,Analyst,Master,Other,27,67030,10,2024-11-17,No
E1399,Operations,Executive,College,Male,24,126698,17,2018-06-02,No
E1400,R&D,Associate,Master,Female,23,127466,12,2023-02-23,No
E1401,Operations,Manager,Master,Other,43,73841,0,2020-05-30,No
E1402,Operations,Executive,Bachelor,Other,48,82436,15,2021-10-11,Yes
E1403,HR,Associate,College,Other,56,117567,3,2024-10-23,No
E1404,Operations,Manager,Bachelor,Other,51,79762,16,2022-02-12,No
E1405,HR,Analyst,Master,Female,41,119258,15,2021-09-25,No
E1406,Sales,Manager,Below College,Other,20,118569,10,2024-10-21,No
E1407,R&D,Analyst,Below College,Other,48,107262,3,2021-07-22,No
E1408,R&D,Executive,Bachelor,Male,27,82097,12,2019-12-01,No
E1409,HR,Engineer,Doctor,Other,46,95541,8,2021-08-04,Yes
E1410,R&D,Engineer,College,Male,25,21009,12,2020-04-03,No
E1411,Finance,Manager,College,Female,32,20128,13,2021-12-20,No
E1412,Operations,Executive,Doctor,Male,21,79784,14,2019-07-17,No
E1413,R&D,Executive,Doctor,Other,41,58234,16,2024-11-23,No
E1414,HR,Engineer,Doctor,Male,45,89346,13,2019-01-04,No
E1415,Finance,Manager,Doctor,Female,45,118042,0,2020-12-13,No
E1416,Operations,Executive,Bachelor,Other,41,40837,12,2020-08-03,No
E1417,Sales,Engineer,Below College,Other,58,144947,10,2022-01-30,No
E1418,IT,Engineer,Doctor,Other,57,52299,12,2021-03-23,No
E1419,R&D,Executive,Doctor,Male,45,38015,13,2023-03-04,No
E1420,R&D,Engineer,Bachelor,Other,24,77655,16,2021-08-15,No
E1421,Sales,Engineer,Bachelor,Other,49,154208,17,2020-07-14,No
E1422,IT,Engineer,Below College,Other,42,54319,15,2024-10-06,No
E1423,Finance,Executive,Below College,Female,52,37762,7,2023-10-17,No
E1424,HR,Manager,Doctor,Other,42,100517,4,2018-04-22,No
E1425,Sales,Engineer,Master,Other,54,25800,7,2021-12-20,No
E1426,Operations,Analyst,Doctor,Other,30,48712,5,2024-03-07,No
E1427,Operations,Analyst,College,Female,33,59562,19,2019-04-03,No
E1428,R&D,Engineer,Bachelor,Other,55,58493,19,2020-07-18,No
E1429,Operations,Manager,Master,Male,53,46532,11,2018-06-15,No
E1430,Sales,Executive,Master,Male,58,128190,8,2018-04-08,No
E1431,IT,Associate,College,Female,59,112675,19,2021-04-09,Yes
E1432,Finance,Executive,Master,Female,36,73805,14,2019-06-27,No
E1433,R&D,Executive,Bachelor,Male,24,30865,13,2020-12-02,No
E1434,Sales,Analyst,Doctor,Female,43,95520,10,2023-03-10,No
E1435,Sales,Manager,Below College,Other,20,48630,5,2023-11-23,No
E1436,Operations,Engineer,Doctor,Other,38,112142,15,2022-09-06,No
E1437,R&D,Associate,Master,Male,29,69657,18,2021-09-26,No
E1438,Operations,Engineer,Master,Male,26,52166,17,2020-05-26,No
E1439,HR,Analyst,Doctor,Other,37,56546,15,2019-04-01,No
E1440,Sales,Engineer,Doctor,Male,22,53793,8,2024-01-04,No
E1441,R&D,Analyst,Doctor,Other,34,103699,2,2021-05-16,No
E1442,IT,Associate,Below College,Female,22,97669,5,2019-09-26,No
E1443,Finance,Analyst,Doctor,Female,51,146084,8,2023-12-03,No
E1444,Sales,Analyst,Below College,Other,28,120579,15,2024-01-30,Yes
E1445,Operations,Manager,Bachelor,Female,33,109827,13,2022-11-24,No
E1446,HR,Engineer,Master,Male,48,29492,6,2023-10-30,No
E1447,HR,Executive,College,Female,46,146017,7,2018-03-02,No
E1448,Finance,Engineer,College,Male,59,62290,14,2023-09-09,No
E1449,Operations,Analyst,Master,Other,38,96779,16,2018-11-03,No
E1450,Sales,Associate,College,Female,40,156135,5,2019-02-06,No
E1451,Finance,Executive,Master,Other,43,83081,7,2018-07-22,No
E1452,Sales,Analyst,Bachelor,Other,48,141152,18,2018-10-10,No
E1453,Operations,Associate,Bachelor,Male,48,96318,12,2019-08-03,No
E1454,IT,Manager,Master,Other,35,99218,7,2020-11-15,No
E1455,Sales,Executive,Bachelor,Female,53,86066,14,2018-09-25,No
E1456,Sales,Engineer,College,Other,20,89748,18,2018-04-16,No
E1457,HR,Engineer,College,Male,21,114292,19,2023-04-11,No
E1458,Operations,Manager,Master,Male,44,40647,1,2024-08-29,Yes
E1459,Finance,Manager,College,Female,59,32635,7,2021-10-19,No
E1460,Operations,Engineer,Below College,Female,56,100687,2,2024-10-23,No
E1461,R&D,Executive,Master,Other,42,136449,7,2019-09-23,No
E1462,IT,Engineer,College,Male,21,127138,18,2023-05-14,No
E1463,R&D,Executive,Bachelor,Female,40,132158,1,2021-09-24,Yes
E1464,IT,Manager,Below College,Other,28,82270,2,2022-05-20,No
E1465,Sales,Manager,Master,Male,43,138819,6,2021-01-02,No
E1466,HR,Manager,Master,Other,47,100991,10,2021-05-01,No
E1467,R&D,Executive,Bachelor,Male,55,46436,16,2019-01-11,No
E1468,Operations,Engineer,College,Male,34,95720,16,2023-01-11,No
E1469,Finance,Manager,Bachelor,Male,42,107681,19,2023-07-06,Yes
E1470,HR,Associate,Master,Male,45,148883,6,2018-09-01,No
E1471,HR,Analyst,Master,Other,45,58366,14,2020-04-23,No
E1472,Finance,Associate,Bachelor,Other,50,115556,18,2021-01-30,Yes
E1473,IT,Analyst,College,Female,32,143102,12,2022-07-29,No
E1474,IT,Manager,College,Male,43,107879,8,2021-01-21,Yes
E1475,Operations,Manager,Bachelor,Male,58,93841,11,2018-02-14,No
E1476,HR,Executive,Below College,Other,44,120700,7,2022-12-10,No
E1477,Sales,Analyst,Doctor,Other,42,145576,6,2021-06-06,No
E1478,Operations,Associate,College,Female,47,20074,1,2024-10-28,Yes
E1479,Finance,Manager,Doctor,Other,22,94334,0,2022-05-27,No
E1480,IT,Manager,College,Male,38,32723,18,2024-12-21,No
E1481,Sales,Manager,Bachelor,Other,57,152319,17,2022-01-18,No
E1482,Finance,Manager,Bachelor,Female,37,84747,11,2022-12-23,No
E1483,HR,Manager,College,Other,37,47551,10,2021-02-23,No
E1484,IT,Executive,Master,Female,24,36211,9,2020-07-03,No
E1485,IT,Analyst,Master,Female,45,45506,3,2019-07-05,No
E1486,HR,Manager,Master,Other,49,87607,7,2018-06-28,No
E1487,Sales,Manager,Below College,Male,31,102242,10,2021-09-11,No
E1488,HR,Executive,Doctor,Other,57,105330,19,2018-03-09,No
E1489,R&D,Engineer,College,Male,51,116909,15,2018-12-22,No
E1490,R&D,Associate,Master,Female,23,80550,15,2022-07-08,No
E1491,HR,Manager,Bachelor,Other,50,74864,9,2020-07-21,Yes
E1492,IT,Manager,Bachelor,Other,33,101434,4,2020-04-08,No
E1493,Sales,Associate,Doctor,Other,25,43869,17,2021-10-08,No
E1494,Operations,Associate,Below College,Other,59,82296,7,2021-09-01,No
E1495,Sales,Associate,Master,Other,20,112069,1,2024-05-05,No
E1496,Finance,Manager,Bachelor,Female,35,56104,8,2024-10-06,No
E1497,R&D,Manager,College,Female,56,109641,15,2019-09-29,No
E1498,IT,Associate,College,Male,33,84709,10,2020-12-07,No
E1499,Sales,Analyst,Master,Male,52,44984,19,2020-10-27,Yes
E1500,Finance,Executive,Doctor,Male,52,27701,4,2019-04-07,No
E1501,HR,Executive,College,Other,31,118698,15,2018-08-14,No
E1502,IT,Engineer,Below College,Other,21,115341,5,2024-03-12,No
E1503,Finance,Analyst,Doctor,Male,52,22150,12,2018-01-04,No
E1504,Operations,Analyst,Master,Male,59,69917,2,2022-05-23,No
E1505,R&D,Manager,Master,Other,26,113847,14,2018-07-04,No
E1506,HR,Manager,Doctor,Other,23,156080,6,2024-01-02,No
E1507,Finance,Analyst,Below College,Female,58,127784,6,2022-11-14,No
E1508,HR,Executive,Doctor,Female,50,64493,5,2019-08-28,No
E1509,IT,Executive,Master,Female,24,27732,11,2020-07-07,No
E1510,R&D,Executive,Below College,Male,47,100519,0,2022-03-17,No
E1511,IT,Analyst,Master,Female,50,97298,11,2024-02-26,No
E1512,R&D,Engineer,Master,Male,46,86370,4,2021-11-21,No
E1513,IT,Associate,Doctor,Other,46,54880,11,2023-04-30,No
E1514,Sales,Analyst,Bachelor,Female,47,140057,14,2023-05-29,Yes
E1515,Finance,Executive,Master,Female,45,106601,7,2023-09-30,Yes
E1516,R&D,Executive,Master,Male,22,21843,17,2020-07-21,No
E1517,IT,Associate,Doctor,Female,41,45487,16,2023-06-02,No
E1518,Operations,Executive,College,Female,40,131009,16,2023-07-25,Yes
E1519,Sales,Executive,Doctor,Other,30,144334,6,2021-01-03,No
E1520,Sales,Analyst,Master,Male,53,61264,3,2023-11-30,No
E1521,IT,Associate,College,Male,57,129875,2,2024-02-17,No
E1522,Finance,Associate,Doctor,Female,38,23820,4,2022-09-16,No
E1523,HR,Manager,College,Female,37,20143,15,2020-06-28,Yes
E1524,Sales,Associate,College,Other,37,71264,12,2021-03-12,No
E1525,R&D,Executive,College,Male,54,83797,19,2018-04-19,No
E1526,IT,Manager,Master,Male,28,118729,3,2022-08-16,Yes
E1527,Operations,Associate,Bachelor,Other,33,150305,10,2018-06-23,Yes
E1528,Finance,Associate,Below College,Female,25,139956,16,2018-02-19,No
E1529,IT,Manager,Bachelor,Male,42,46958,9,2018-11-16,No
E1530,Sales,Executive,Master,Male,38,132870,2,2019-06-05,No
E1531,Finance,Associate,Doctor,Male,21,94205,3,2023-07-11,No
E1532,Operations,Engineer,Doctor,Male,52,49805,15,2020-03-14,No
E1533,Operations,Manager,Bachelor,Female,27,56931,0,2024-09-06,No
E1534,HR,Engineer,Bachelor,Male,24,69933,9,2020-04-12,No
E1535,R&D,Executive,Doctor,Other,49,159644,18,2022-07-23,No
E1536,Operations,Engineer,College,Female,32,35186,6,2020-05-16,No
E1537,HR,Analyst,Bachelor,Other,56,48502,8,2018-03-22,Yes
E1538,Sales,Engineer,Below College,Male,20,144898,18,2021-05-18,Yes
E1539,Finance,Executive,Doctor,Male,57,93574,3,2020-01-08,Yes
E1540,R&D,Engineer,Master,Male,22,143559,1,2018-10-27,No
E1541,Finance,Executive,Below College,Male,41,103395,7,2022-10-02,No
E1542,Finance,Manager,Below College,Male,42,40813,11,2022-11-21,No
E1543,HR,Associate,Master,Female,29,48558,12,2024-11-10,No
E1544,Sales,Executive,College,Other,50,67335,4,2018-05-18,No
E1545,Operations,Associate,Bachelor,Other,42,139277,12,2019-10-20,No
E1546,R&D,Manager,Master,Male,43,136006,2,2024-01-02,No
E1547,HR,Manager,College,Female,30,138138,11,2019-08-12,Yes
E1548,IT,Engineer,Below College,Male,28,123687,9,2022-04-10,No
E1549,R&D,Engineer,College,Female,31,129728,3,2021-04-25,Yes
E1550,Finance,Analyst,Bachelor,Other,59,70159,10,2024-06-24,No
E1551,HR,Executive,Bachelor,Female,23,116873,13,2018-03-24,No
E1552,R&D,Analyst,Doctor,Female,27,67563,12,2022-10-19,No
E1553,IT,Analyst,Bachelor,Other,36,67335,5,2022-03-20,No
E1554,Sales,Associate,College,Male,26,63064,17,2024-01-21,Yes
E1555,Operations,Analyst,Doctor,Male,27,45824,11,2021-09-13,Yes
E1556,HR,Associate,Doctor,Other,33,97252,17,2024-05-31,No
E1557,R&D,Manager,College,Male,36,86037,6,2018-04-27,No
E1558,Operations,Manager,Below College,Other,22,72398,12,2021-11-01,Yes
E1559,Sales,Associate,Master,Other,59,81070,1,2023-08-20,Yes
E1560,Sales,Engineer,Master,Female,24,153452,7,2020-01-13,No
E1561,Operations,Analyst,Bachelor,Female,22,64160,5,2020-07-14,No
E1562,HR,Associate,Bachelor,Other,49,157717,7,2023-08-16,No
E1563,Finance,Associate,Doctor,Other,57,81600,7,2018-01-26,No
E1564,Finance,Executive,Bachelor,Other,33,54826,7,2020-08-11,No
E1565,Operations,Executive,College,Other,44,30918,17,2019-10-24,No
E1566,Finance,Analyst,Below College,Other,20,90334,4,2024-05-31,No
E1567,Finance,Executive,Master,Male,41,62405,19,2020-02-13,No
E1568,Finance,Executive,Below College,Female,55,139515,11,2018-12-27,Yes
E1569,Sales,Manager,Doctor,Male,46,149910,7,2024-06-12,No
E1570,HR,Executive,College,Other,49,150058,5,2023-02-03,No
E1571,Operations,Analyst,Below College,Female,35,114413,12,2019-03-09,No
E1572,Finance,Executive,Master,Other,24,30121,10,2021-03-27,Yes
E1573,Sales,Executive,Doctor,Female,41,50181,10,2020-05-18,No
E1574,Sales,Engineer,Below College,Female,47,95550,13,2018-05-06,No
E1575,Sales,Engineer,Doctor,Male,30,127836,16,2020-07-31,No
E1576,Operations,Analyst,Doctor,Other,47,123573,15,2020-02-12,No
E1577,IT,Analyst,Doctor,Other,20,158078,13,2022-08-12,No
E1578,IT,Executive,Doctor,Male,41,124218,5,2018-09-13,No
E1579,Finance,Engineer,Doctor,Female,45,125367,0,2019-12-11,No
E1580,IT,Manager,Below College,Female,23,130853,3,2023-01-19,No
E1581,Operations,Manager,Doctor,Female,25,80846,6,2021-04-27,No
E1582,Sales,Manager,College,Male,20,80000,1,2020-08-12,No
E1583,R&D,Manager,Bachelor,Male,37,127596,17,2020-03-29,No
E1584,HR,Manager,Bachelor,Other,30,78214,13,2024-11-07,Yes
E1585,Finance,Associate,Below College,Other,59,144975,11,2019-10-12,No
E1586,Finance,Engineer,College,Other,43,85281,18,2022-12-31,Yes
E1587,R&D,Analyst,Master,Female,59,43339,5,2018-09-18,No
E1588,HR,Analyst,Bachelor,Other,22,67754,6,2022-12-21,No
E1589,Sales,Executive,College,Female,39,119000,8,2021-08-03,No
E1590,R&D,Executive,Master,Female,42,144917,11,2020-01-06,No
E1591,IT,Manager,College,Other,32,84577,14,2019-05-08,No
E1592,Sales,Associate,College,Female,44,41514,4,2022-12-18,No
E1593,R&D,Analyst,Below College,Male,22,154066,0,2018-11-17,No
E1594,R&D,Analyst,Doctor,Male,27,104657,11,2020-04-05,No
E1595,Operations,Analyst,Master,Male,48,123411,9,2020-07-14,No
E1596,HR,Associate,Bachelor,Other,57,60044,8,2019-01-27,No
E1597,R&D,Analyst,Bachelor,Female,27,114313,10,2019-06-23,No
E1598,Sales,Manager,Below College,Female,55,124811,13,2022-01-29,No
E1599,HR,Manager,Below College,Other,52,128617,16,2018-03-15,No
E1600,Operations,Associate,College,Female,45,69460,18,2024-01-28,No
E1601,R&D,Engineer,College,Female,40,100376,13,2024-02-12,No
E1602,Finance,Analyst,Master,Other,25,24888,5,2022-10-28,No
E1603,Finance,Associate,College,Other,55,43842,18,2023-08-13,No
E1604,Sales,Manager,College,Female,35,107795,11,2019-01-02,No
E1605,Sales,Analyst,Doctor,Female,24,43583,9,2021-09-04,No
E1606,IT,Manager,Below College,Female,47,147586,19,2020-03-03,No
E1607,HR,Manager,Master,Female,28,60272,10,2018-01-26,No
E1608,R&D,Associate,College,Male,21,68583,13,2020-04-25,No
E1609,Operations,Engineer,Doctor,Male,40,67971,3,2019-05-29,Yes
E1610,HR,Engineer,Master,Male,22,96771,10,2024-01-04,No
E1611,Finance,Executive,Below College,Male,33,152438,7,2022-09-12,No
E1612,R&D,Analyst,Bachelor,Female,28,36439,0,2022-06-08,No
E1613,Sales,Executive,College,Other,41,64864,9,2020-11-24,No
E1614,Sales,Engineer,Master,Other,31,123088,16,2023-04-04,No
E1615,Finance,Associate,Master,Other,20,27122,3,2024-02-01,No
E1616,R&D,Manager,Below College,Other,30,132767,11,2020-07-09,Yes
E1617,Sales,Executive,Doctor,Other,53,63359,18,2024-07-24,No
E1618,Finance,Manager,Doctor,Other,47,54083,13,2022-04-02,Yes
E1619,IT,Engineer,Master,Other,51,70011,0,2022-12-07,No
E1620,Sales,Associate,Master,Female,31,147889,15,2022-01-20,Yes
E1621,R&D,Associate,Below College,Other,51,49193,11,2018-10-17,No
E1622,Sales,Engineer,Master,Female,56,122530,2,2022-07-14,Yes
E1623,HR,Analyst,Bachelor,Other,53,23849,14,2018-11-13,No
E1624,HR,Engineer,College,Male,29,122338,17,2022-03-29,No
E1625,Finance,Manager,Doctor,Male,49,114705,11,2018-03-19,Yes
E1626,IT,Associate,Below College,Female,34,87868,3,2024-08-19,No
E1627,HR,Analyst,Doctor,Male,22,103125,10,2024-10-30,Yes
E1628,Sales,Engineer,College,Other,29,146911,17,2019-08-07,No
E1629,HR,Associate,College,Female,31,52193,2,2020-07-14,Yes
E1630,Operations,Executive,Master,Female,21,119824,19,2023-06-05,No
E1631,R&D,Executive,Bachelor,Other,54,28225,5,2020-09-09,Yes
E1632,HR,Manager,College,Female,37,108705,14,2023-03-02,No
E1633,IT,Executive,Doctor,Male,25,64701,11,2021-10-14,No
E1634,Finance,Executive,Below College,Female,58,53578,6,2021-08-23,No
E1635,Operations,Manager,Doctor,Other,51,150677,5,2018-07-18,No
E1636,Finance,Engineer,Doctor,Other,34,140761,19,2020-12-28,Yes
E1637,Sales,Engineer,Bachelor,Other,37,65026,12,2019-01-01,No
E1638,Operations,Analyst,College,Female,42,56535,7,2021-07-27,No
E1639,HR,Analyst,Bachelor,Female,36,88783,7,2020-01-17,Yes
E1640,Sales,Analyst,Master,Female,25,83533,6,2023-10-11,No
E1641,Operations,Analyst,College,Female,59,68537,15,2021-08-01,No
E1642,Finance,Associate,Bachelor,Other,40,59399,16,2022-02-18,No
E1643,HR,Manager,Below College,Male,22,127810,10,2023-02-12,No
E1644,R&D,Analyst,Below College,Other,42,48168,2,2018-12-03,No
E1645,HR,Analyst,Below College,Female,24,84136,8,2023-11-15,No
E1646,R&D,Analyst,Below College,Male,53,35986,19,2021-10-10,No
E1647,Finance,Executive,Master,Other,59,46979,17,2018-08-27,No
E1648,HR,Associate,Below College,Female,52,107545,12,2022-04-25,No
E1649,Finance,Engineer,College,Male,44,146763,11,2018-08-05,No
E1650,Operations,Associate,Bachelor,Other,30,82519,4,2023-02-24,No
E1651,R&D,Analyst,College,Female,36,21204,12,2021-01-04,No
E1652,Operations,Associate,Doctor,Other,52,80472,18,2024-05-07,No
E1653,R&D,Engineer,Master,Male,39,123165,19,2019-07-22,No
E1654,HR,Manager,Bachelor,Female,38,33131,14,2019-10-21,No
E1655,Finance,Analyst,Below College,Female,38,81098,1,2023-12-14,No
E1656,Operations,Executive,Doctor,Male,20,112326,14,2019-06-17,No
E1657,Sales,Manager,Below College,Other,32,146688,11,2023-11-07,No
E1658,R&D,Manager,College,Other,41,106090,16,2024-03-06,Yes
E1659,Finance,Executive,Doctor,Male,36,50089,15,2018-08-03,Yes
E1660,R&D,Manager,Doctor,Male,47,78836,10,2020-02-14,No
E1661,Finance,Associate,Doctor,Male,38,154705,11,2018-11-12,No
E1662,Operations,Executive,Below College,Other,35,39196,16,2020-01-26,No
E1663,Sales,Associate,Master,Female,48,31852,16,2023-06-30,No
E1664,Finance,Engineer,Master,Other,39,95351,18,2024-09-29,No
E1665,Operations,Engineer,Below College,Other,30,46924,17,2022-09-18,Yes
E1666,HR,Analyst,Master,Other,45,45977,3,2018-09-27,No
E1667,Sales,Executive,Doctor,Female,20,78815,0,2021-01-10,No
E1668,Finance,Engineer,Bachelor,Other,44,64932,2,2024-03-04,No
E1669,Operations,Engineer,Below College,Male,52,38684,2,2022-06-10,No
E1670,Finance,Associate,Doctor,Female,59,133181,18,2020-06-27,No
E1671,IT,Engineer,Bachelor,Other,34,100026,13,2024-11-10,No
E1672,HR,Manager,Master,Other,57,142190,6,2018-11-20,No
E1673,Finance,Engineer,Master,Male,59,137147,14,2023-12-03,No
E1674,Operations,Executive,Doctor,Female,34,82930,19,2024-05-24,No
E1675,Operations,Analyst,Master,Female,47,40424,0,2020-07-14,No
E1676,Operations,Manager,Below College,Female,22,79437,16,2023-01-09,No
E1677,HR,Engineer,Bachelor,Female,37,72876,16,2022-05-05,No
E1678,IT,Executive,Below College,Female,21,110115,13,2024-01-22,No
E1679,Operations,Manager,Below College,Male,22,100975,3,2019-12-24,No
E1680,IT,Analyst,Bachelor,Male,50,109780,6,2022-07-26,No
E1681,HR,Associate,Master,Male,29,97947,8,2022-06-21,No
E1682,R&D,Engineer,Doctor,Other,43,40807,19,2018-04-10,No
E1683,IT,Associate,Doctor,Female,24,107127,6,2018-12-28,No
E1684,IT,Engineer,College,Male,56,59642,15,2022-08-27,No
E1685,HR,Associate,Bachelor,Male,50,67849,10,2024-11-01,No
E1686,HR,Associate,Master,Male,36,61821,9,2020-01-16,No
E1687,IT,Associate,College,Male,25,25611,15,2020-05-17,No
E1688,Sales,Associate,Bachelor,Male,59,42118,13,2018-03-15,No
E1689,Sales,Associate,Below College,Male,21,83880,1,2023-05-13,No
E1690,Finance,Associate,Doctor,Female,46,81331,9,2024-06-01,No
E1691,HR,Analyst,Below College,Other,52,142498,18,2021-03-08,No
E1692,Operations,Engineer,Below College,Other,33,143454,3,2024-07-12,No
E1693,Operations,Engineer,Doctor,Female,31,131661,10,2018-06-17,No
E1694,Operations,Manager,Below College,Female,59,35378,17,2022-06-22,No
E1695,Sales,Manager,Bachelor,Male,31,42836,16,2021-06-12,No
E1696,R&D,Manager,Master,Female,53,145369,11,2021-12-25,No
E1697,IT,Analyst,Doctor,Other,57,60433,5,2018-10-05,No
E1698,IT,Manager,Doctor,Other,44,120448,10,2021-10-12,Yes
E1699,R&D,Associate,Below College,Female,46,127540,0,2024-12-13,No
E1700,IT,Associate,Below College,Other,40,145209,15,2023-12-30,Yes
E1701,Operations,Executive,Master,Other,52,54252,19,2019-05-06,No
E1702,Sales,Associate,Bachelor,Other,58,132199,0,2018-11-25,No
E1703,Operations,Executive,Below College,Other,48,51707,7,2024-10-28,No
E1704,HR,Engineer,Doctor,Other,38,28907,10,2021-04-01,No
E1705,R&D,Executive,Bachelor,Female,21,69183,9,2018-12-28,No
E1706,Sales,Associate,Master,Male,30,45382,2,2019-01-07,No
E1707,Operations,Executive,Doctor,Female,30,58532,5,2018-05-13,No
E1708,Operations,Associate,Master,Other,22,110363,16,2021-12-17,No
E1709,HR,Analyst,Doctor,Male,51,74776,11,2021-02-21,No
E1710,R&D,Engineer,Below College,Female,59,103347,16,2021-04-19,No
E1711,Sales,Manager,Master,Other,51,111160,14,2022-09-20,No
E1712,Operations,Analyst,Bachelor,Female,35,26066,15,2018-07-29,No
E1713,HR,Executive,Master,Male,26,128433,10,2021-02-27,No
E1714,Finance,Executive,Bachelor,Other,40,88678,10,2022-01-22,No
E1715,HR,Executive,Master,Female,42,45709,11,2023-02-27,No
E1716,Sales,Engineer,Master,Female,28,39319,13,2022-06-10,No
E1717,Finance,Associate,Master,Male,37,100806,15,2024-11-02,No
E1718,Operations,Engineer,Below College,Male,51,123631,5,2020-03-09,No
E1719,HR,Executive,Doctor,Male,27,151042,17,2019-02-09,No
E1720,HR,Executive,Doctor,Female,29,141924,6,2024-12-09,No
E1721,Finance,Engineer,Below College,Female,47,117182,17,2024-02-09,No
E1722,Operations,Associate,Doctor,Male,57,81905,12,2018-09-11,No
E1723,Finance,Associate,Bachelor,Female,51,142581,16,2021-06-23,No
E1724,IT,Manager,Bachelor,Male,28,82888,5,2023-09-20,No
E1725,Finance,Associate,College,Female,58,76905,7,2022-11-07,Yes
E1726,R&D,Executive,College,Female,20,54107,18,2023-12-27,No
E1727,Operations,Analyst,Doctor,Female,51,118469,7,2023-11-10,No
E1728,IT,Executive,Master,Male,43,154175,1,2021-12-20,No
E1729,Finance,Manager,College,Other,52,82340,16,2018-06-24,No
E1730,R&D,Associate,College,Other,27,43044,15,2021-10-25,No
E1731,R&D,Manager,Doctor,Female,20,155417,18,2020-11-04,No
E1732,R&D,Associate,Bachelor,Female,50,138707,0,2022-04-26,No
E1733,IT,Analyst,Below College,Female,47,29717,19,2020-10-11,No
E1734,Operations,Engineer,Bachelor,Female,55,158342,9,2022-08-30,Yes
E1735,Operations,Executive,Doctor,Male,40,42134,0,2022-05-14,No
E1736,Finance,Analyst,College,Male,20,63819,13,2021-12-24,No
E1737,R&D,Manager,Below College,Female,22,89754,0,2019-09-02,No
E1738,Sales,Engineer,College,Male,26,137030,3,2019-09-23,No
E1739,Sales,Manager,Bachelor,Female,54,66791,3,2018-05-08,No
E1740,HR,Manager,Bachelor,Male,33,110039,10,2019-01-26,No
E1741,IT,Associate,Doctor,Female,48,159242,17,2022-06-22,No
E1742,HR,Analyst,Master,Male,24,42610,12,2020-05-11,No
E1743,Finance,Engineer,Master,Other,40,64041,8,2021-12-10,No
E1744,Finance,Associate,Doctor,Male,37,62175,1,2018-12-09,No
E1745,HR,Associate,Doctor,Female,59,69505,15,2024-11-11,No
E1746,Sales,Analyst,Bachelor,Male,42,155465,12,2022-10-26,No
E1747,IT,Associate,Below College,Female,38,151086,5,2024-03-07,No
E1748,R&D,Analyst,Doctor,Other,51,132325,3,2023-08-08,No
E1749,Sales,Associate,Below College,Male,43,20447,13,2022-06-12,No
E1750,Sales,Associate,Bachelor,Female,34,55013,13,2023-08-30,No
E1751,Sales,Manager,Bachelor,Other,36,71564,9,2022-01-23,No
E1752,Sales,Manager,Doctor,Other,37,44673,9,2022-01-21,No
E1753,Finance,Analyst,Bachelor,Female,27,154239,3,2019-01-22,No
E1754,HR,Executive,College,Other,27,148530,1,2022-03-09,No
E1755,Operations,Analyst,Master,Female,55,55715,3,2024-08-06,No
E1756,Sales,Engineer,Bachelor,Female,20,42895,11,2020-11-19,No
E1757,Operations,Analyst,Doctor,Male,41,158261,10,2021-10-25,No
E1758,Operations,Executive,Below College,Other,49,143817,4,2021-10-01,Yes
E1759,HR,Executive,Bachelor,Other,50,147580,18,2022-03-03,No
E1760,HR,Manager,Bachelor,Male,29,94307,11,2024-09-05,No
E1761,R&D,Analyst,Bachelor,Male,29,48520,18,2024-07-19,No
E1762,R&D,Associate,College,Male,21,23206,3,2022-06-19,Yes
E1763,Operations,Executive,Below College,Male,40,77145,16,2022-11-06,No
E1764,IT,Analyst,Below College,Female,36,147106,18,2023-04-06,No
E1765,R&D,Analyst,Master,Female,35,140656,3,2024-02-18,Yes
E1766,R&D,Engineer,Master,Male,46,97915,9,2022-10-18,Yes
E1767,HR,Manager,Master,Male,55,71667,5,2021-07-07,No
E1768,Finance,Associate,College,Female,22,89233,17,2019-06-19,Yes
E1769,R&D,Executive,Bachelor,Female,39,136511,7,2022-03-08,No
E1770,IT,Analyst,Bachelor,Other,25,143201,14,2024-05-29,No
E1771,Sales,Associate,Below College,Male,33,95595,16,2022-11-03,No
E1772,Sales,Executive,Doctor,Other,22,82739,7,2023-09-08,No
E1773,Sales,Analyst,Bachelor,Male,52,82356,10,2022-09-09,No
E1774,Sales,Manager,Below College,Female,58,146906,7,2024-11-03,No
E1775,HR,Analyst,Master,Other,51,49357,17,2022-11-21,No
E1776,HR,Executive,Bachelor,Other,31,42685,12,2023-09-25,No
E1777,R&D,Executive,Doctor,Female,42,106190,15,2024-04-22,No
E1778,R&D,Manager,Bachelor,Other,20,44958,4,2022-10-14,No
E1779,Operations,Associate,Doctor,Female,41,148920,10,2019-07-09,No
E1780,Operations,Analyst,College,Male,21,71384,5,2021-10-18,No
E1781,Sales,Associate,Bachelor,Other,34,35445,15,2024-05-24,Yes
E1782,IT,Analyst,Below College,Male,38,106075,10,2018-07-24,No
E1783,IT,Associate,Bachelor,Other,55,111110,1,2020-05-06,No
E1784,Sales,Executive,Doctor,Female,30,71254,8,2024-02-13,No
E1785,IT,Engineer,Master,Female,54,95247,3,2019-11-08,Yes
E1786,Operations,Engineer,Master,Other,26,47146,12,2022-09-28,No
E1787,Sales,Executive,Doctor,Female,30,142618,15,2019-05-30,No
E1788,R&D,Engineer,Master,Female,46,89709,17,2022-03-18,No
E1789,IT,Associate,Bachelor,Other,34,112661,8,2019-02-15,No
E1790,Sales,Engineer,Master,Male,27,134520,14,2023-09-19,No
E1791,Sales,Analyst,College,Male,49,91961,8,2020-04-06,No
E1792,Finance,Executive,Doctor,Male,50,63323,17,2020-05-16,Yes
E1793,Operations,Associate,Below College,Male,44,146845,4,2021-10-29,Yes
E1794,R&D,Manager,Doctor,Female,28,68915,6,2022-08-28,No
E1795,Operations,Manager,Below College,Male,45,155208,17,2020-12-04,No
E1796,Finance,Associate,Bachelor,Female,51,133003,10,2021-09-15,No
E1797,R&D,Analyst,College,Male,44,77190,3,2024-04-16,No
E1798,Sales,Associate,Doctor,Female,34,48428,11,2018-07-16,No
E1799,Operations,Associate,College,Other,55,63007,16,2018-06-11,No
E1800,Finance,Associate,Master,Other,35,132146,19,2019-06-03,No
E1801,Finance,Analyst,Below College,Male,30,68912,13,2024-09-06,No
E1802,Sales,Manager,Master,Female,53,91741,0,2021-09-21,No
E1803,Finance,Analyst,Master,Other,30,101546,3,2021-01-09,No
E1804,R&D,Analyst,Doctor,Other,47,43617,17,2021-01-05,No
E1805,HR,Engineer,College,Male,49,150480,5,2022-05-10,No
E1806,Finance,Associate,Below College,Other,51,117175,11,2018-10-18,No
E1807,IT,Executive,College,Female,28,34889,6,2019-01-05,No
E1808,IT,Engineer,Bachelor,Female,28,38480,3,2024-10-15,No
E1809,Operations,Executive,Below College,Female,43,140216,14,2022-07-17,Yes
E1810,IT,Engineer,Master,Other,56,104400,4,2022-05-25,No
E1811,IT,Associate,Doctor,Female,36,112527,19,2022-03-01,No
E1812,IT,Associate,Bachelor,Other,25,103268,2,2018-08-05,No
E1813,Operations,Analyst,College,Female,51,61025,11,2024-08-08,Yes
E1814,IT,Analyst,Below College,Other,32,76731,10,2020-09-15,No
E1815,HR,Executive,Bachelor,Other,39,153302,13,2022-06-21,Yes
E1816,Sales,Executive,Below College,Other,23,115241,18,2020-01-02,Yes
E1817,Operations,Engineer,Doctor,Female,32,52525,11,2023-03-09,No
E1818,Sales,Analyst,Below College,Male,58,69616,1,2023-04-26,No
E1819,Operations,Engineer,Master,Other,32,52654,13,2019-07-12,No
E1820,Finance,Engineer,College,Male,54,130644,19,2023-11-23,Yes
E1821,IT,Associate,Doctor,Other,25,93179,10,2021-02-12,No
E1822,HR,Associate,Bachelor,Other,36,55090,14,2018-03-26,No
E1823,HR,Associate,Doctor,Male,55,85392,0,2024-12-19,No
E1824,HR,Associate,Bachelor,Other,24,98001,13,2020-07-05,Yes
E1825,Sales,Executive,Below College,Female,46,32709,9,2020-05-30,No
E1826,R&D,Manager,College,Female,37,41974,0,2019-11-21,Yes
E1827,Sales,Executive,Bachelor,Female,41,35392,12,2019-08-16,No
E1828,IT,Executive,Below College,Male,24,61440,0,2021-08-21,No
E1829,Operations,Engineer,College,Other,38,54095,10,2022-08-18,No
E1830,Sales,Analyst,Below College,Male,53,104554,3,2018-07-02,No
E1831,Finance,Executive,Below College,Male,23,43282,13,2021-09-18,No
E1832,IT,Associate,Doctor,Female,34,103570,9,2018-04-15,No
E1833,Operations,Associate,Bachelor,Male,23,147552,3,2024-04-10,No
E1834,Operations,Associate,College,Female,26,108523,7,2019-01-31,No
E1835,Finance,Manager,Master,Male,42,40446,8,2023-02-24,No
E1836,Operations,Engineer,Master,Other,49,60921,2,2020-12-18,No
E1837,Operations,Analyst,Doctor,Other,27,137792,19,2022-03-16,No
E1838,IT,Executive,Below College,Male,21,84097,16,2019-11-30,Yes
E1839,HR,Analyst,Below College,Female,33,74836,4,2020-09-04,No
E1840,HR,Associate,Doctor,Other,39,82013,5,2022-04-27,Yes
E1841,Operations,Engineer,Below College,Male,58,49054,18,2024-12-28,No
E1842,IT,Engineer,Bachelor,Female,24,79603,5,2019-11-12,No
E1843,R&D,Analyst,Master,Female,36,146494,7,2018-10-30,No
E1844,HR,Engineer,Master,Female,56,144181,13,2022-12-15,No
E1845,Sales,Engineer,Master,Other,31,125796,12,2018-10-18,No
E1846,HR,Manager,Master,Male,39,139169,19,2024-10-19,No
E1847,HR,Engineer,Doctor,Female,28,70668,13,2022-12-27,Yes
E1848,Finance,Analyst,Master,Other,54,72618,11,2018-03-10,No
E1849,Operations,Manager,Master,Female,35,153842,11,2024-10-03,No
E1850,Finance,Engineer,Master,Female,46,139976,7,2019-02-16,No
E1851,Sales,Manager,Bachelor,Male,23,147015,16,2020-06-07,Yes
E1852,Sales,Executive,Doctor,Other,45,54775,6,2022-01-11,No
E1853,Sales,Engineer,Doctor,Other,48,110361,12,2019-12-27,No
E1854,R&D,Engineer,Bachelor,Male,22,137089,8,2021-12-30,Yes
E1855,HR,Manager,Below College,Female,53,28412,6,2020-01-05,No
E1856,Finance,Engineer,College,Other,50,119299,18,2019-08-27,No
E1857,Operations,Engineer,Master,Other,42,45912,7,2019-12-21,Yes
E1858,R&D,Analyst,Bachelor,Male,45,25184,4,2018-01-17,Yes
E1859,Operations,Associate,Doctor,Male,42,63762,13,2023-04-07,No
E1860,IT,Analyst,Bachelor,Female,27,86535,5,2019-12-24,Yes
E1861,Finance,Associate,Below College,Female,44,104100,1,2023-11-09,Yes
E1862,R&D,Analyst,Below College,Other,51,110465,2,2022-05-08,No
E1863,Finance,Associate,Below College,Female,30,44063,0,2020-05-22,No
E1864,HR,Executive,Bachelor,Other,35,73127,6,2022-08-30,No
E1865,Finance,Executive,College,Male,51,29484,5,2020-10-15,Yes
E1866,IT,Engineer,Bachelor,Male,45,62479,14,2018-08-13,No
E1867,R&D,Manager,Master,Other,42,73132,10,2021-11-26,No
E1868,R&D,Associate,Below College,Other,56,61324,18,2024-09-24,No
E1869,Sales,Analyst,College,Other,42,140854,16,2019-11-25,No
E1870,Sales,Analyst,Master,Female,51,41119,4,2023-08-26,No
E1871,HR,Analyst,Master,Other,50,25909,14,2019-02-21,No
E1872,Sales,Manager,Bachelor,Male,24,123021,16,2018-11-16,No
E1873,Operations,Engineer,Doctor,Female,25,67019,2,2022-04-01,No
E1874,Finance,Analyst,Master,Male,48,87743,2,2020-03-17,No
E1875,IT,Analyst,Below College,Male,56,42349,8,2018-07-23,No
E1876,IT,Analyst,Master,Other,35,150013,9,2024-09-10,No
E1877,HR,Analyst,College,Male,36,138197,14,2024-07-03,Yes
E1878,Operations,Engineer,Bachelor,Other,41,35513,16,2018-04-20,No
E1879,R&D,Associate,Bachelor,Other,22,48881,18,2018-05-05,No
E1880,R&D,Engineer,Bachelor,Female,41,144045,7,2021-07-12,No
E1881,HR,Associate,Doctor,Other,49,59085,14,2021-06-13,No
E1882,R&D,Analyst,College,Male,24,113645,15,2018-02-18,No
E1883,IT,Engineer,Doctor,Female,41,70961,2,2021-11-23,No
E1884,Finance,Analyst,Doctor,Male,27,120356,18,2024-01-28,No
E1885,R&D,Manager,College,Male,40,106793,11,2022-01-12,Yes
E1886,Sales,Manager,College,Male,40,68702,3,2018-11-21,No
E1887,R&D,Engineer,Below College,Other,40,149805,8,2020-11-11,No
E1888,Sales,Engineer,College,Male,34,70328,14,2018-04-07,No
E1889,Operations,Manager,College,Other,22,135541,19,2018-12-27,No
E1890,Finance,Executive,Master,Female,28,61901,0,2020-09-09,Yes
E1891,HR,Manager,Below College,Male,27,82462,19,2024-09-18,No
E1892,Operations,Engineer,College,Other,42,123299,9,2019-03-13,Yes
E1893,HR,Associate,Bachelor,Female,58,128810,12,2023-07-27,Yes
E1894,IT,Associate,College,Other,33,89577,10,2023-10-12,No
E1895,R&D,Manager,Doctor,Other,33,88454,6,2020-03-23,No
E1896,R&D,Engineer,Master,Male,44,96857,1,2021-07-17,Yes
E1897,IT,Engineer,Doctor,Female,34,75799,7,2019-07-05,No
E1898,IT,Associate,College,Female,36,129048,10,2024-07-28,No
E1899,Sales,Associate,College,Female,26,108440,15,2020-04-02,No
E1900,Sales,Associate,Below College,Male,48,99562,1,2020-04-02,No
E1901,IT,Executive,Doctor,Male,58,118001,15,2021-05-12,No
E1902,Finance,Engineer,Master,Female,24,143152,16,2020-04-28,No
E1903,HR,Executive,Doctor,Other,59,89056,15,2018-01-07,No
E1904,IT,Analyst,Master,Male,23,41462,13,2023-08-25,No
E1905,HR,Manager,Master,Female,39,35425,12,2020-09-07,Yes
E1906,Finance,Associate,Bachelor,Female,31,153036,2,2021-11-21,No
E1907,Sales,Engineer,Below College,Female,50,78970,2,2023-02-06,No
E1908,HR,Analyst,Doctor,Other,56,156863,1,2018-11-08,Yes
E1909,R&D,Executive,Below College,Female,36,137132,7,2023-02-23,Yes
E1910,HR,Engineer,College,Male,22,113663,10,2021-04-09,No
E1911,Operations,Associate,Master,Other,30,95335,18,2022-03-29,No
E1912,HR,Manager,Below College,Male,28,148449,2,2018-01-24,No
E1913,Operations,Analyst,Master,Female,22,59260,8,2021-07-20,No
E1914,Sales,Manager,Below College,Male,51,147731,17,2022-09-10,No
E1915,Operations,Manager,Doctor,Male,25,126200,5,2018-11-13,No
E1916,HR,Manager,Doctor,Male,26,133750,16,2018-07-31,No
E1917,Operations,Associate,College,Other,28,125579,2,2024-07-15,No
E1918,Sales,Executive,College,Female,52,118024,10,2024-11-06,Yes
E1919,HR,Analyst,Master,Male,59,33397,4,2020-05-27,No
E1920,Sales,Executive,Doctor,Other,39,95786,19,2021-12-30,No
E1921,Finance,Executive,Doctor,Female,59,52622,16,2021-09-07,No
E1922,Finance,Associate,Bachelor,Female,44,126523,0,2021-09-13,Yes
E1923,HR,Associate,Below College,Female,57,69100,18,2019-01-16,Yes
E1924,R&D,Engineer,Master,Female,41,34657,1,2021-08-02,No
E1925,R&D,Executive,College,Male,53,155281,3,2020-07-16,No
E1926,Operations,Analyst,Master,Female,49,128420,15,2020-02-24,No
E1927,Sales,Executive,College,Female,30,100036,18,2018-02-18,No
E1928,HR,Manager,College,Other,39,39225,13,2020-06-01,No
E1929,IT,Associate,Master,Other,45,80104,16,2023-12-06,No
E1930,Sales,Manager,College,Female,41,158528,8,2021-12-25,Yes
E1931,IT,Executive,Master,Male,47,77546,8,2022-12-06,No
E1932,HR,Manager,Below College,Male,40,103662,18,2018-01-28,No
E1933,Sales,Executive,Bachelor,Female,43,23932,15,2023-06-25,No
E1934,IT,Associate,Doctor,Male,23,141778,10,2020-03-11,Yes
E1935,HR,Manager,Doctor,Other,46,55628,14,2024-03-13,No
E1936,R&D,Manager,Below College,Other,42,116364,9,2022-01-08,No
E1937,IT,Analyst,Doctor,Other,58,32265,9,2020-08-10,No
E1938,Operations,Analyst,Master,Female,49,57086,17,2019-10-16,No
E1939,Operations,Analyst,Below College,Other,46,133821,10,2022-11-30,No
E1940,HR,Analyst,Master,Male,50,83054,13,2021-05-12,No
E1941,IT,Engineer,Bachelor,Male,41,60341,0,2021-11-02,No
E1942,HR,Executive,Bachelor,Male,29,68647,6,2021-04-04,No
E1943,Finance,Manager,Below College,Male,47,97160,9,2023-01-27,No
E1944,Operations,Associate,College,Other,22,114541,14,2023-05-26,No
E1945,Sales,Analyst,College,Other,59,79395,18,2018-12-14,No
E1946,Finance,Manager,Bachelor,Other,43,35548,3,2024-07-01,No
E1947,R&D,Executive,Below College,Other,31,138442,12,2018-08-13,No
E1948,Finance,Manager,Bachelor,Other,55,142226,16,2024-01-04,No
E1949,Operations,Engineer,College,Other,38,43072,14,2023-10-25,No
E1950,Operations,Associate,College,Female,51,37258,18,2024-07-16,No
E1951,Sales,Manager,College,Male,52,153648,3,2019-10-14,No
E1952,HR,Analyst,Doctor,Female,35,124471,19,2019-01-21,No
E1953,R&D,Manager,College,Other,56,152393,4,2023-09-24,Yes
E1954,R&D,Engineer,Master,Other,50,106128,6,2018-12-01,No
E1955,Sales,Engineer,Master,Male,35,139590,8,2022-01-18,No
E1956,Finance,Executive,Doctor,Other,35,26555,3,2021-12-15,No
E1957,R&D,Manager,Bachelor,Male,31,84727,17,2023-08-05,No
E1958,HR,Associate,Bachelor,Male,29,129205,4,2022-12-15,No
E1959,Finance,Associate,Doctor,Female,55,96532,13,2020-10-27,No
E1960,IT,Manager,Doctor,Male,36,96996,7,2018-04-26,Yes
E1961,HR,Engineer,Master,Other,52,49553,3,2024-02-13,Yes
E1962,Sales,Associate,Master,Other,32,135189,9,2022-05-24,No
E1963,HR,Manager,Doctor,Female,34,155090,10,2018-07-13,No
E1964,Sales,Executive,Bachelor,Female,31,119337,2,2021-01-02,No
E1965,Operations,Manager,Bachelor,Other,49,51224,7,2020-11-21,No
E1966,Finance,Manager,Below College,Other,55,22618,10,2023-10-28,No
E1967,R&D,Manager,Bachelor,Female,38,99663,0,2022-06-10,Yes
E1968,Sales,Analyst,Bachelor,Female,36,83511,13,2024-02-28,No
E1969,Operations,Analyst,Master,Female,41,89726,19,2022-03-10,No
E1970,IT,Executive,Bachelor,Female,45,159525,7,2020-06-10,No
E1971,Finance,Executive,Master,Male,54,67979,12,2019-04-08,No
E1972,R&D,Analyst,Master,Female,30,125509,13,2024-04-18,No
E1973,Finance,Associate,Bachelor,Female,47,87320,12,2024-03-10,No
E1974,Finance,Manager,College,Female,37,155328,16,2024-03-28,Yes
E1975,Operations,Executive,Doctor,Other,27,23962,3,2024-08-27,Yes
E1976,Finance,Analyst,Doctor,Other,42,130858,4,2022-01-20,No
E1977,Finance,Analyst,Below College,Female,58,49965,2,2018-04-09,No
E1978,R&D,Analyst,College,Other,47,106314,0,2018-04-22,Yes
E1979,HR,Executive,Master,Female,23,109692,14,2018-05-04,No
E1980,R&D,Executive,Below College,Female,33,40596,2,2022-10-19,No
E1981,Finance,Executive,Master,Female,29,72906,6,2024-01-17,No
E1982,R&D,Associate,Below College,Other,45,129830,1,2024-08-23,No
E1983,R&D,Executive,Master,Other,34,138453,4,2020-09-22,No
E1984,Finance,Analyst,College,Male,33,46351,17,2019-07-13,No
E1985,Operations,Manager,College,Other,28,75599,5,2018-12-21,No
E1986,R&D,Analyst,Master,Male,58,70932,14,2021-12-02,No
E1987,Operations,Manager,Doctor,Other,40,43655,13,2022-04-11,No
E1988,Operations,Associate,Bachelor,Female,50,60051,17,2019-08-31,No
E1989,R&D,Analyst,Master,Male,59,92590,14,2019-07-28,Yes
E1990,HR,Engineer,Bachelor,Male,40,47087,14,2018-10-16,No
E1991,Finance,Associate,Bachelor,Other,36,26948,3,2022-12-05,No
E1992,Sales,Executive,Below College,Female,52,103510,12,2024-05-10,No
E1993,Sales,Executive,Below College,Male,45,152429,9,2020-08-18,No
E1994,IT,Manager,Doctor,Male,23,50406,19,2024-04-17,No
E1995,HR,Executive,Bachelor,Female,41,108872,0,2018-11-13,No
E1996,HR,Analyst,Below College,Other,25,80179,6,2024-09-02,No
E1997,R&D,Analyst,College,Other,53,59001,3,2020-10-16,No
E1998,HR,Executive,Master,Female,28,77015,14,2022-07-14,No
E1999,Finance,Engineer,Bachelor,Female,49,74010,5,2021-08-03,No
