customerID,tenure,MonthlyCharges,Contract,InternetService,Partner,Dependents,PaperlessBilling,Churn
CUST100000,52,106.92,One year,Fiber optic,No,No,Yes,No
CUST100001,15,40.36,Month-to-month,Fiber optic,No,No,Yes,Yes
CUST100002,72,117.54,Month-to-month,Fiber optic,Yes,Yes,No,Yes
CUST100003,61,52.36,One year,No,Yes,Yes,Yes,No
CUST100004,21,36.58,One year,DSL,No,Yes,No,No
CUST100005,24,98.55,Month-to-month,No,Yes,No,Yes,Yes
CUST100006,3,85.19,Month-to-month,DSL,Yes,Yes,Yes,Yes
CUST100007,22,68.82,Month-to-month,Fiber optic,No,No,Yes,No
CUST100008,53,74.65,Month-to-month,DSL,No,Yes,Yes,No
CUST100009,2,91.36,One year,DSL,No,No,Yes,No
CUST100010,30,41.3,Month-to-month,Fiber optic,No,No,No,Yes
CUST100011,38,119.63,Month-to-month,Fiber optic,Yes,No,Yes,No
CUST100012,2,117.43,Month-to-month,Fiber optic,No,No,No,Yes
CUST100013,64,84.33,Two year,DSL,No,Yes,Yes,No
CUST100014,60,38.35,Two year,Fiber optic,No,Yes,Yes,No
CUST100015,21,87.38,Month-to-month,No,Yes,Yes,Yes,Yes
CUST100016,33,25.36,One year,Fiber optic,No,No,No,No
CUST100017,58,21.13,Month-to-month,DSL,No,No,Yes,No
CUST100018,22,44.28,Month-to-month,Fiber optic,Yes,No,Yes,Yes
CUST100019,49,65.19,One year,DSL,Yes,No,No,No
CUST100020,59,106.56,Two year,Fiber optic,Yes,No,Yes,Yes
CUST100021,42,92.17,Two year,Fiber optic,Yes,No,No,No
CUST100022,60,93.76,Month-to-month,Fiber optic,No,No,Yes,No
CUST100023,15,61.4,Month-to-month,Fiber optic,Yes,Yes,No,Yes
CUST100024,62,53.29,One year,Fiber optic,Yes,No,No,No
CUST100025,62,55.85,Month-to-month,Fiber optic,No,No,No,No
CUST100026,47,118.74,Month-to-month,Fiber optic,Yes,No,Yes,Yes
CUST100027,62,22.09,Month-to-month,Fiber optic,No,No,Yes,No
CUST100028,51,106.44,One year,Fiber optic,Yes,No,No,No
CUST100029,55,77.02,Month-to-month,Fiber optic,No,Yes,Yes,No
CUST100030,64,62.74,Month-to-month,Fiber optic,No,No,Yes,Yes
CUST100031,3,91.98,Two year,No,No,No,No,No
CUST100032,51,67.64,Month-to-month,Fiber optic,Yes,Yes,Yes,Yes
CUST100033,7,107.09,Month-to-month,Fiber optic,No,No,Yes,Yes
CUST100034,21,109.87,Month-to-month,DSL,Yes,No,Yes,No
CUST100035,39,61.02,Month-to-month,Fiber optic,Yes,No,Yes,Yes
CUST100036,18,46.24,Month-to-month,Fiber optic,Yes,Yes,Yes,Yes
CUST100037,4,78.42,Month-to-month,DSL,No,No,Yes,No
CUST100038,60,111.06,Two year,DSL,No,No,Yes,No
CUST100039,14,39.49,Month-to-month,Fiber optic,No,No,No,No
CUST100040,9,81.54,Two year,Fiber optic,Yes,No,No,No
CUST100041,53,82.42,Month-to-month,Fiber optic,Yes,No,Yes,No
CUST100042,2,92.78,Month-to-month,DSL,No,No,Yes,Yes
CUST100043,60,31.42,Month-to-month,Fiber optic,Yes,No,No,No
CUST100044,71,91.01,Month-to-month,DSL,No,No,Yes,No
CUST100045,44,110.72,One year,Fiber optic,Yes,No,Yes,Yes
CUST100046,8,36.33,Month-to-month,DSL,No,Yes,Yes,No
CUST100047,47,42.23,Month-to-month,DSL,No,No,Yes,No
CUST100048,35,117.08,Two year,DSL,Yes,No,No,No
CUST100049,36,36.46,Two year,Fiber optic,Yes,No,Yes,No
CUST100050,50,105.15,Two year,DSL,No,Yes,No,No
CUST100051,4,68.21,Month-to-month,Fiber optic,No,No,Yes,Yes
CUST100052,2,43.22,One year,Fiber optic,Yes,Yes,No,No
CUST100053,6,106.82,Month-to-month,Fiber optic,Yes,Yes,Yes,Yes
CUST100054,54,63.42,Month-to-month,Fiber optic,No,No,Yes,Yes
CUST100055,4,70.51,Month-to-month,Fiber optic,No,No,Yes,Yes
CUST100056,54,54.64,Month-to-month,DSL,Yes,No,Yes,No
CUST100057,63,78.48,Month-to-month,Fiber optic,No,Yes,Yes,No
CUST100058,18,34.68,Month-to-month,DSL,Yes,No,Yes,No
CUST100059,44,57.89,Two year,DSL,No,Yes,Yes,No
CUST100060,34,116.88,Month-to-month,Fiber optic,Yes,No,Yes,Yes
CUST100061,62,44.33,Month-to-month,Fiber optic,No,No,Yes,No
CUST100062,14,84.99,Month-to-month,Fiber optic,No,No,No,No
CUST100063,48,51.17,Two year,Fiber optic,No,No,No,No
CUST100064,15,96.89,Month-to-month,No,No,Yes,No,Yes
CUST100065,72,31.35,Month-to-month,DSL,No,No,No,No
CUST100066,62,116.92,One year,DSL,No,Yes,Yes,No
CUST100067,40,64.29,One year,DSL,No,No,Yes,No
CUST100068,53,42.08,Month-to-month,DSL,No,No,Yes,No
CUST100069,24,25.5,One year,Fiber optic,No,Yes,No,No
CUST100070,26,35.32,One year,Fiber optic,No,No,No,No
CUST100071,60,71.02,One year,DSL,Yes,No,Yes,No
CUST100072,41,52.37,Month-to-month,No,No,Yes,Yes,Yes
CUST100073,29,102.55,Two year,Fiber optic,Yes,Yes,Yes,No
CUST100074,15,61.95,Month-to-month,DSL,No,Yes,Yes,No
CUST100075,45,43.37,Month-to-month,DSL,Yes,No,Yes,No
CUST100076,65,80.95,Month-to-month,DSL,No,No,Yes,No
CUST100077,71,90.09,Month-to-month,DSL,No,Yes,No,No
CUST100078,9,35.04,Month-to-month,DSL,No,Yes,Yes,Yes
CUST100079,1,35.1,One year,Fiber optic,No,No,No,Yes
CUST100080,8,21.74,Month-to-month,DSL,Yes,No,No,Yes
CUST100081,63,93.11,Month-to-month,Fiber optic,Yes,No,No,Yes
CUST100082,11,85.71,Month-to-month,No,Yes,No,Yes,No
CUST100083,8,66.41,Month-to-month,Fiber optic,No,Yes,Yes,Yes
CUST100084,35,104.11,Two year,No,Yes,No,Yes,No
CUST100085,35,100.18,Month-to-month,DSL,No,No,Yes,No
CUST100086,33,77.71,Month-to-month,Fiber optic,Yes,Yes,Yes,No
CUST100087,5,106.56,Month-to-month,Fiber optic,Yes,No,No,Yes
CUST100088,41,39.0,Month-to-month,DSL,Yes,No,No,No
CUST100089,28,29.42,Month-to-month,DSL,No,No,No,No
CUST100090,7,45.51,One year,Fiber optic,No,Yes,No,Yes
CUST100091,72,23.82,Two year,Fiber optic,Yes,No,Yes,No
CUST100092,12,72.18,Month-to-month,Fiber optic,No,No,Yes,No
CUST100093,34,113.53,One year,Fiber optic,Yes,No,Yes,No
CUST100094,33,22.01,One year,Fiber optic,No,No,Yes,No
CUST100095,48,30.46,One year,DSL,No,Yes,No,No
CUST100096,23,64.12,Month-to-month,DSL,Yes,Yes,Yes,No
CUST100097,62,113.26,Month-to-month,DSL,No,No,Yes,No
CUST100098,37,50.25,Month-to-month,DSL,Yes,Yes,Yes,Yes
CUST100099,44,69.74,One year,No,No,No,Yes,No
CUST100100,35,22.24,One year,Fiber optic,Yes,No,Yes,No
CUST100101,65,33.13,Month-to-month,Fiber optic,No,No,No,No
CUST100102,47,118.64,Month-to-month,DSL,Yes,No,Yes,No
CUST100103,3,116.44,Two year,Fiber optic,No,No,Yes,No
CUST100104,1,18.5,One year,DSL,No,Yes,Yes,Yes
CUST100105,5,115.08,Two year,DSL,No,No,Yes,No
CUST100106,14,83.19,One year,DSL,No,No,Yes,Yes
CUST100107,27,106.53,Month-to-month,Fiber optic,No,No,No,No
CUST100108,9,64.38,Month-to-month,Fiber optic,Yes,Yes,Yes,Yes
CUST100109,15,70.59,One year,Fiber optic,Yes,No,Yes,Yes
CUST100110,42,67.86,Month-to-month,Fiber optic,Yes,Yes,Yes,No
CUST100111,51,86.02,Month-to-month,No,No,Yes,No,No
CUST100112,63,32.24,One year,DSL,Yes,Yes,Yes,No
CUST100113,52,21.06,Month-to-month,DSL,No,No,Yes,No
CUST100114,4,49.41,One year,DSL,No,Yes,Yes,Yes
CUST100115,23,89.88,Month-to-month,Fiber optic,Yes,Yes,No,Yes
CUST100116,15,38.59,Two year,No,Yes,Yes,Yes,No
CUST100117,43,86.69,Month-to-month,DSL,Yes,Yes,Yes,Yes
CUST100118,29,116.93,Month-to-month,Fiber optic,Yes,No,Yes,No
CUST100119,36,27.58,One year,Fiber optic,Yes,Yes,Yes,No
CUST100120,13,86.61,Month-to-month,DSL,Yes,Yes,No,No
CUST100121,32,63.26,One year,Fiber optic,No,No,No,No
CUST100122,71,106.55,One year,Fiber optic,No,No,Yes,Yes
CUST100123,59,36.07,Month-to-month,No,Yes,No,No,No
CUST100124,28,88.65,Month-to-month,DSL,Yes,No,No,Yes
CUST100125,66,103.49,Month-to-month,Fiber optic,Yes,Yes,No,No
CUST100126,42,114.35,Month-to-month,DSL,No,No,Yes,Yes
CUST100127,45,87.69,Two year,Fiber optic,No,Yes,Yes,No
CUST100128,62,68.71,One year,Fiber optic,Yes,No,Yes,No
CUST100129,57,81.02,One year,Fiber optic,Yes,No,No,No
CUST100130,6,106.63,One year,Fiber optic,No,Yes,Yes,No
CUST100131,28,76.2,Month-to-month,Fiber optic,No,No,Yes,No
CUST100132,28,21.1,Two year,Fiber optic,Yes,No,Yes,No
CUST100133,44,112.96,One year,DSL,No,No,Yes,No
CUST100134,30,88.33,One year,Fiber optic,Yes,No,Yes,Yes
CUST100135,62,87.0,Two year,DSL,Yes,No,No,No
CUST100136,62,40.0,Month-to-month,Fiber optic,No,Yes,Yes,Yes
CUST100137,1,85.21,One year,Fiber optic,No,Yes,No,Yes
CUST100138,27,58.17,Month-to-month,Fiber optic,Yes,No,Yes,No
CUST100139,62,84.43,Month-to-month,Fiber optic,No,No,Yes,No
CUST100140,3,28.87,Month-to-month,No,Yes,No,Yes,No
CUST100141,70,85.1,Two year,DSL,No,No,Yes,No
CUST100142,72,119.94,Two year,Fiber optic,No,No,Yes,Yes
CUST100143,27,22.92,One year,Fiber optic,No,No,No,No
CUST100144,9,117.67,One year,DSL,No,No,Yes,Yes
CUST100145,62,59.5,Month-to-month,DSL,Yes,No,No,No
CUST100146,37,106.82,Two year,No,No,No,Yes,No
CUST100147,51,97.8,Month-to-month,Fiber optic,No,No,Yes,Yes
CUST100148,44,75.84,Month-to-month,No,No,No,Yes,No
CUST100149,24,93.32,Month-to-month,No,Yes,Yes,Yes,No
CUST100150,59,107.61,One year,DSL,No,No,Yes,No
CUST100151,32,59.22,One year,Fiber optic,No,No,Yes,Yes
CUST100152,52,51.36,Month-to-month,Fiber optic,Yes,No,Yes,No
CUST100153,62,86.09,Month-to-month,Fiber optic,No,No,Yes,Yes
CUST100154,58,100.4,One year,Fiber optic,Yes,No,Yes,Yes
CUST100155,52,95.75,Month-to-month,Fiber optic,Yes,Yes,No,Yes
CUST100156,12,99.38,One year,Fiber optic,No,No,Yes,No
CUST100157,39,62.43,Two year,Fiber optic,No,No,Yes,No
CUST100158,2,101.42,Month-to-month,DSL,No,No,No,Yes
CUST100159,3,30.26,Month-to-month,Fiber optic,Yes,Yes,Yes,No
CUST100160,56,73.54,One year,Fiber optic,No,No,Yes,No
CUST100161,59,18.59,One year,Fiber optic,Yes,No,Yes,No
CUST100162,2,51.11,Month-to-month,DSL,Yes,No,Yes,Yes
CUST100163,2,55.38,Two year,Fiber optic,Yes,No,No,No
CUST100164,54,58.41,Month-to-month,DSL,No,No,Yes,Yes
CUST100165,1,88.94,Month-to-month,Fiber optic,No,No,No,No
CUST100166,19,57.63,One year,Fiber optic,No,No,No,No
CUST100167,2,63.77,Two year,Fiber optic,No,No,Yes,Yes
CUST100168,53,42.23,Month-to-month,DSL,Yes,Yes,Yes,Yes
CUST100169,44,56.07,One year,Fiber optic,No,No,Yes,Yes
CUST100170,32,41.18,Month-to-month,Fiber optic,No,No,Yes,Yes
CUST100171,70,25.47,Month-to-month,Fiber optic,No,No,Yes,Yes
CUST100172,32,79.55,Month-to-month,Fiber optic,Yes,No,Yes,No
CUST100173,68,86.16,Two year,Fiber optic,No,Yes,Yes,No
CUST100174,55,81.19,Month-to-month,Fiber optic,No,Yes,Yes,No
CUST100175,56,65.28,Month-to-month,DSL,No,No,No,No
CUST100176,17,56.74,Month-to-month,DSL,No,Yes,Yes,Yes
CUST100177,38,106.06,Two year,Fiber optic,Yes,No,No,Yes
CUST100178,24,70.95,One year,Fiber optic,No,No,No,Yes
CUST100179,69,66.88,One year,Fiber optic,Yes,No,Yes,Yes
CUST100180,70,20.62,Month-to-month,DSL,No,Yes,No,No
CUST100181,11,52.81,One year,DSL,No,Yes,Yes,No
CUST100182,16,56.78,Month-to-month,Fiber optic,Yes,No,Yes,No
CUST100183,59,58.68,One year,DSL,No,No,Yes,No
CUST100184,70,77.18,Two year,Fiber optic,No,No,Yes,No
CUST100185,3,72.43,Month-to-month,DSL,Yes,No,Yes,Yes
CUST100186,20,80.01,One year,Fiber optic,No,No,Yes,No
CUST100187,59,96.02,Month-to-month,No,Yes,No,Yes,Yes
CUST100188,36,100.92,Month-to-month,DSL,No,No,Yes,Yes
CUST100189,19,91.25,Month-to-month,Fiber optic,No,No,Yes,No
CUST100190,67,115.46,Month-to-month,DSL,No,Yes,Yes,Yes
CUST100191,19,19.86,Month-to-month,Fiber optic,No,Yes,Yes,No
CUST100192,20,37.97,One year,Fiber optic,No,No,Yes,No
CUST100193,71,18.77,Month-to-month,Fiber optic,No,No,Yes,No
CUST100194,52,84.04,One year,Fiber optic,Yes,Yes,Yes,No
CUST100195,33,109.6,Month-to-month,Fiber optic,No,Yes,No,Yes
CUST100196,40,42.84,Month-to-month,DSL,No,No,Yes,No
CUST100197,39,112.56,One year,DSL,Yes,Yes,No,No
CUST100198,1,24.15,Month-to-month,Fiber optic,Yes,No,Yes,Yes
CUST100199,11,113.31,Month-to-month,Fiber optic,No,No,No,No
CUST100200,57,53.87,One year,Fiber optic,No,No,Yes,No
CUST100201,50,28.34,Month-to-month,Fiber optic,Yes,No,Yes,No
CUST100202,23,67.56,Month-to-month,Fiber optic,Yes,No,Yes,Yes
CUST100203,31,44.19,Month-to-month,Fiber optic,Yes,No,Yes,No
CUST100204,42,47.06,Two year,Fiber optic,No,No,Yes,No
CUST100205,7,49.34,One year,No,Yes,No,Yes,Yes
CUST100206,16,99.91,One year,Fiber optic,No,No,No,No
CUST100207,60,72.99,One year,DSL,Yes,Yes,Yes,Yes
CUST100208,2,49.75,Month-to-month,DSL,No,Yes,Yes,No
CUST100209,1,80.25,Month-to-month,DSL,Yes,Yes,No,Yes
CUST100210,48,91.05,One year,DSL,No,Yes,Yes,No
CUST100211,12,45.81,Month-to-month,DSL,Yes,No,No,Yes
CUST100212,69,60.18,Month-to-month,Fiber optic,No,No,Yes,No
CUST100213,37,30.43,Month-to-month,Fiber optic,Yes,No,No,No
CUST100214,32,36.48,Month-to-month,Fiber optic,No,No,Yes,Yes
CUST100215,9,87.47,Two year,Fiber optic,No,No,No,Yes
CUST100216,19,36.51,Month-to-month,DSL,Yes,No,No,No
CUST100217,48,71.57,Month-to-month,DSL,No,No,Yes,No
CUST100218,3,90.32,Month-to-month,DSL,No,Yes,Yes,Yes
CUST100219,20,28.9,Two year,Fiber optic,Yes,Yes,Yes,No
CUST100220,24,75.87,Month-to-month,DSL,Yes,No,No,No
CUST100221,54,44.17,Month-to-month,DSL,Yes,No,Yes,No
CUST100222,33,116.22,One year,Fiber optic,No,Yes,Yes,No
CUST100223,24,67.32,One year,Fiber optic,No,Yes,Yes,No
CUST100224,72,100.21,Month-to-month,DSL,Yes,No,Yes,No
CUST100225,36,74.12,Month-to-month,Fiber optic,No,Yes,Yes,No
CUST100226,38,22.43,Month-to-month,Fiber optic,No,No,No,No
CUST100227,25,82.58,Month-to-month,Fiber optic,No,No,Yes,Yes
CUST100228,18,115.04,Month-to-month,No,No,No,No,Yes
CUST100229,66,79.36,Month-to-month,DSL,No,No,Yes,Yes
CUST100230,54,101.56,Month-to-month,DSL,No,No,Yes,No
CUST100231,35,108.19,Month-to-month,Fiber optic,Yes,No,Yes,No
CUST100232,61,41.26,One year,Fiber optic,No,No,Yes,No
CUST100233,41,39.63,Two year,Fiber optic,No,No,No,No
CUST100234,33,80.32,One year,Fiber optic,No,Yes,No,Yes
CUST100235,68,59.92,Month-to-month,Fiber optic,No,No,Yes,No
CUST100236,33,103.67,Month-to-month,No,No,No,Yes,Yes
CUST100237,14,109.8,Two year,No,No,No,Yes,No
CUST100238,21,54.05,Month-to-month,Fiber optic,Yes,No,No,Yes
CUST100239,48,42.16,Month-to-month,DSL,Yes,No,No,No
CUST100240,20,97.61,Month-to-month,Fiber optic,No,Yes,No,Yes
CUST100241,8,46.03,One year,DSL,No,No,Yes,No
CUST100242,7,101.91,One year,DSL,Yes,No,Yes,Yes
CUST100243,67,61.22,Month-to-month,Fiber optic,No,No,Yes,No
CUST100244,17,86.09,Month-to-month,DSL,No,No,Yes,No
CUST100245,33,27.74,Two year,DSL,Yes,Yes,Yes,No
CUST100246,48,81.63,Month-to-month,DSL,Yes,No,Yes,No
CUST100247,59,64.08,One year,Fiber optic,Yes,Yes,Yes,No
CUST100248,22,77.83,One year,Fiber optic,No,No,No,No
CUST100249,30,35.14,One year,Fiber optic,Yes,No,No,No
CUST100250,38,93.16,Month-to-month,DSL,Yes,Yes,Yes,Yes
CUST100251,51,106.01,Month-to-month,Fiber optic,No,No,Yes,Yes
CUST100252,54,40.11,Month-to-month,Fiber optic,Yes,Yes,Yes,No
CUST100253,8,27.76,Two year,DSL,Yes,Yes,No,No
CUST100254,27,20.41,Two year,Fiber optic,Yes,No,No,No
CUST100255,27,83.48,Month-to-month,DSL,No,No,No,No
CUST100256,21,79.92,Month-to-month,No,No,No,No,Yes
CUST100257,30,73.76,Two year,Fiber optic,Yes,No,Yes,No
CUST100258,28,41.66,One year,No,Yes,No,Yes,No
CUST100259,64,57.87,Two year,DSL,No,No,Yes,No
CUST100260,69,78.64,Month-to-month,Fiber optic,Yes,Yes,Yes,No
CUST100261,61,68.67,Month-to-month,Fiber optic,Yes,Yes,No,No
CUST100262,48,118.75,One year,Fiber optic,Yes,No,Yes,No
CUST100263,19,31.92,One year,No,No,No,Yes,No
CUST100264,4,88.9,Month-to-month,Fiber optic,No,No,Yes,Yes
CUST100265,35,59.24,Month-to-month,DSL,Yes,No,No,No
CUST100266,64,61.68,Month-to-month,Fiber optic,No,No,Yes,No
CUST100267,49,91.19,Month-to-month,Fiber optic,Yes,Yes,Yes,Yes
CUST100268,17,88.63,Month-to-month,Fiber optic,Yes,Yes,Yes,No
CUST100269,44,119.11,Two year,DSL,No,No,Yes,No
CUST100270,30,31.1,Month-to-month,Fiber optic,Yes,No,Yes,No
CUST100271,46,28.62,One year,DSL,No,No,No,No
CUST100272,6,91.88,Month-to-month,Fiber optic,Yes,Yes,Yes,No
CUST100273,37,77.0,One year,Fiber optic,No,No,No,No
CUST100274,24,45.96,Two year,Fiber optic,Yes,Yes,Yes,No
CUST100275,46,26.1,Month-to-month,DSL,No,Yes,Yes,No
CUST100276,53,26.74,Month-to-month,Fiber optic,Yes,No,No,Yes
CUST100277,60,109.21,Month-to-month,DSL,No,Yes,Yes,Yes
CUST100278,63,37.57,Month-to-month,DSL,Yes,No,Yes,Yes
CUST100279,32,50.98,One year,Fiber optic,No,Yes,No,No
CUST100280,33,41.12,Two year,No,Yes,No,Yes,No
CUST100281,67,54.21,Month-to-month,Fiber optic,No,No,No,No
CUST100282,18,25.08,Month-to-month,Fiber optic,Yes,No,Yes,No
CUST100283,25,70.94,Month-to-month,Fiber optic,Yes,No,Yes,Yes
CUST100284,54,24.9,One year,Fiber optic,No,Yes,Yes,No
CUST100285,58,99.64,Month-to-month,DSL,Yes,No,No,No
CUST100286,67,41.84,Month-to-month,No,Yes,No,Yes,No
CUST100287,46,73.08,One year,Fiber optic,No,Yes,No,No
CUST100288,24,107.77,One year,DSL,No,No,No,No
CUST100289,32,84.39,Month-to-month,DSL,Yes,Yes,Yes,No
CUST100290,47,72.36,One year,Fiber optic,No,No,Yes,Yes
CUST100291,23,51.08,Month-to-month,DSL,No,No,Yes,Yes
CUST100292,66,51.97,Month-to-month,DSL,Yes,Yes,Yes,No
CUST100293,27,86.29,Two year,DSL,No,No,Yes,No
CUST100294,2,119.4,One year,Fiber optic,No,No,Yes,No
CUST100295,17,85.51,Month-to-month,Fiber optic,No,No,No,No
CUST100296,33,74.89,Month-to-month,DSL,Yes,No,No,Yes
CUST100297,9,92.53,Month-to-month,Fiber optic,No,No,No,Yes
CUST100298,43,65.45,Month-to-month,Fiber optic,Yes,No,No,Yes
CUST100299,48,24.13,Month-to-month,Fiber optic,Yes,No,Yes,Yes
CUST100300,39,75.35,Month-to-month,DSL,Yes,Yes,No,No
CUST100301,42,115.68,Month-to-month,Fiber optic,No,No,No,No
CUST100302,26,35.88,One year,No,No,No,Yes,No
CUST100303,50,88.38,One year,Fiber optic,No,No,No,No
CUST100304,25,38.5,One year,DSL,No,No,Yes,No
CUST100305,24,72.65,Month-to-month,Fiber optic,Yes,No,Yes,No
CUST100306,13,27.86,Two year,Fiber optic,Yes,No,No,No
CUST100307,60,63.94,One year,Fiber optic,Yes,No,No,No
CUST100308,7,95.13,One year,DSL,Yes,No,Yes,No
CUST100309,57,53.45,One year,DSL,No,No,No,No
CUST100310,36,85.82,Two year,Fiber optic,No,No,Yes,No
CUST100311,45,99.14,Month-to-month,Fiber optic,Yes,No,Yes,Yes
CUST100312,20,112.57,Month-to-month,DSL,Yes,No,No,Yes
CUST100313,65,41.93,One year,No,Yes,Yes,Yes,No
CUST100314,8,58.73,One year,DSL,Yes,No,No,No
CUST100315,16,33.55,One year,Fiber optic,No,No,Yes,No
CUST100316,14,119.23,Month-to-month,Fiber optic,No,Yes,Yes,No
CUST100317,15,112.55,Month-to-month,Fiber optic,No,Yes,Yes,Yes
CUST100318,66,73.08,Month-to-month,No,No,No,Yes,No
CUST100319,32,103.89,Two year,DSL,Yes,No,Yes,No
CUST100320,63,71.14,Month-to-month,Fiber optic,Yes,No,No,No
CUST100321,51,81.61,Month-to-month,DSL,No,Yes,Yes,No
CUST100322,25,27.09,Month-to-month,Fiber optic,No,Yes,No,Yes
CUST100323,58,95.04,Month-to-month,Fiber optic,Yes,No,Yes,Yes
CUST100324,63,31.03,Two year,Fiber optic,No,No,Yes,No
CUST100325,62,102.26,One year,DSL,No,Yes,Yes,No
CUST100326,22,97.77,One year,Fiber optic,No,No,Yes,No
CUST100327,58,90.29,Month-to-month,DSL,No,No,Yes,No
CUST100328,58,21.69,One year,DSL,No,Yes,Yes,No
CUST100329,49,48.92,Month-to-month,Fiber optic,No,Yes,Yes,No
CUST100330,52,44.84,One year,Fiber optic,Yes,Yes,Yes,No
CUST100331,42,54.73,Month-to-month,Fiber optic,Yes,No,Yes,No
CUST100332,70,26.94,Month-to-month,Fiber optic,Yes,No,Yes,No
CUST100333,15,113.57,One year,DSL,Yes,No,Yes,No
CUST100334,54,74.49,Two year,Fiber optic,No,No,No,No
CUST100335,60,49.16,Month-to-month,Fiber optic,No,No,Yes,No
CUST100336,8,58.49,One year,DSL,Yes,No,No,No
CUST100337,53,63.61,Month-to-month,Fiber optic,No,No,Yes,No
CUST100338,60,79.26,Month-to-month,Fiber optic,Yes,Yes,No,Yes
CUST100339,5,70.6,Month-to-month,Fiber optic,Yes,No,Yes,Yes
CUST100340,68,111.78,Month-to-month,Fiber optic,Yes,No,No,No
CUST100341,6,68.69,Month-to-month,Fiber optic,Yes,No,Yes,Yes
CUST100342,47,119.2,Month-to-month,Fiber optic,Yes,No,No,Yes
CUST100343,55,104.85,Month-to-month,Fiber optic,No,Yes,No,Yes
CUST100344,40,39.27,Two year,DSL,Yes,No,No,Yes
CUST100345,52,112.92,Month-to-month,Fiber optic,No,No,Yes,Yes
CUST100346,16,29.87,One year,Fiber optic,Yes,No,Yes,No
CUST100347,13,101.38,Month-to-month,Fiber optic,Yes,No,Yes,Yes
CUST100348,30,56.82,One year,Fiber optic,Yes,No,Yes,No
CUST100349,19,107.55,Month-to-month,Fiber optic,No,No,No,Yes
CUST100350,17,106.54,Month-to-month,Fiber optic,Yes,No,Yes,Yes
CUST100351,63,100.2,Month-to-month,DSL,No,No,Yes,Yes
CUST100352,19,98.58,Month-to-month,Fiber optic,No,No,Yes,Yes
CUST100353,58,49.08,Month-to-month,Fiber optic,No,No,Yes,No
CUST100354,55,26.25,One year,DSL,No,No,Yes,No
CUST100355,62,59.1,Two year,No,Yes,No,No,No
CUST100356,23,35.7,One year,Fiber optic,Yes,Yes,Yes,No
CUST100357,9,88.89,One year,Fiber optic,Yes,Yes,Yes,Yes
CUST100358,12,53.3,Month-to-month,DSL,No,No,Yes,No
CUST100359,1,117.51,Month-to-month,DSL,Yes,No,Yes,No
CUST100360,58,83.38,Month-to-month,No,Yes,No,Yes,Yes
CUST100361,1,101.89,Month-to-month,DSL,No,No,No,Yes
CUST100362,34,31.52,Month-to-month,Fiber optic,Yes,Yes,No,No
CUST100363,48,105.93,Month-to-month,Fiber optic,No,No,No,Yes
CUST100364,1,112.12,Month-to-month,DSL,No,No,No,Yes
CUST100365,16,67.68,Month-to-month,DSL,Yes,No,Yes,Yes
CUST100366,61,79.84,One year,Fiber optic,Yes,No,No,No
CUST100367,64,96.01,One year,No,Yes,No,No,Yes
CUST100368,63,35.83,Month-to-month,Fiber optic,No,Yes,No,No
CUST100369,69,69.26,Two year,Fiber optic,No,No,Yes,Yes
CUST100370,22,58.66,Two year,DSL,No,Yes,No,No
CUST100371,67,32.93,Month-to-month,Fiber optic,No,No,No,Yes
CUST100372,26,55.49,Month-to-month,Fiber optic,No,No,No,No
CUST100373,16,24.95,Month-to-month,Fiber optic,Yes,No,Yes,No
CUST100374,51,20.63,Two year,Fiber optic,Yes,No,No,No
CUST100375,57,31.79,Two year,Fiber optic,No,No,No,No
CUST100376,29,116.24,Month-to-month,DSL,Yes,No,No,No
CUST100377,69,74.05,Month-to-month,No,Yes,Yes,Yes,Yes
CUST100378,47,116.51,Month-to-month,DSL,No,No,No,Yes
CUST100379,62,62.11,Month-to-month,DSL,Yes,No,Yes,No
CUST100380,69,49.81,Month-to-month,Fiber optic,No,No,Yes,Yes
CUST100381,16,69.63,Two year,Fiber optic,No,No,Yes,No
CUST100382,48,62.83,One year,Fiber optic,Yes,Yes,No,Yes
CUST100383,39,28.78,One year,Fiber optic,No,Yes,Yes,No
CUST100384,33,83.36,Two year,Fiber optic,Yes,No,Yes,No
CUST100385,23,40.04,One year,DSL,Yes,No,No,No
CUST100386,10,81.2,Month-to-month,Fiber optic,Yes,No,No,No
CUST100387,69,84.32,One year,Fiber optic,Yes,No,Yes,Yes
CUST100388,34,33.51,Month-to-month,Fiber optic,No,Yes,No,No
CUST100389,52,24.26,One year,Fiber optic,Yes,No,No,No
CUST100390,10,97.64,Month-to-month,DSL,Yes,Yes,Yes,No
CUST100391,19,64.9,One year,Fiber optic,Yes,No,Yes,No
CUST100392,58,23.93,Month-to-month,Fiber optic,No,Yes,Yes,No
CUST100393,1,119.48,Month-to-month,DSL,No,No,Yes,Yes
CUST100394,69,23.89,Month-to-month,Fiber optic,Yes,Yes,Yes,Yes
CUST100395,4,88.89,Month-to-month,No,Yes,No,No,Yes
CUST100396,16,118.34,One year,Fiber optic,Yes,No,No,Yes
CUST100397,24,42.4,One year,No,Yes,No,Yes,No
CUST100398,2,32.51,Month-to-month,DSL,No,No,Yes,No
CUST100399,32,30.38,Month-to-month,DSL,No,No,Yes,Yes
CUST100400,24,48.93,Month-to-month,DSL,Yes,Yes,Yes,No
CUST100401,12,28.31,Month-to-month,Fiber optic,Yes,No,Yes,No
CUST100402,50,88.6,Month-to-month,DSL,Yes,No,No,No
CUST100403,35,24.35,Two year,DSL,No,Yes,No,No
CUST100404,33,69.96,Month-to-month,No,Yes,Yes,Yes,Yes
CUST100405,33,119.66,Month-to-month,Fiber optic,No,No,No,Yes
CUST100406,61,101.02,Month-to-month,Fiber optic,No,No,Yes,Yes
CUST100407,51,80.75,Month-to-month,DSL,Yes,No,No,No
CUST100408,43,49.24,Month-to-month,DSL,No,No,Yes,No
CUST100409,12,81.64,One year,DSL,No,Yes,Yes,No
CUST100410,67,71.76,Month-to-month,Fiber optic,No,Yes,No,No
CUST100411,65,61.46,Month-to-month,No,Yes,No,Yes,No
CUST100412,33,31.33,Month-to-month,Fiber optic,Yes,Yes,No,No
CUST100413,40,108.43,Month-to-month,DSL,No,No,Yes,Yes
CUST100414,43,63.88,Month-to-month,Fiber optic,No,No,Yes,No
CUST100415,44,37.85,Two year,DSL,No,Yes,Yes,No
CUST100416,29,55.51,One year,Fiber optic,No,No,Yes,No
CUST100417,13,60.24,Month-to-month,Fiber optic,No,Yes,No,Yes
CUST100418,12,102.41,Month-to-month,Fiber optic,No,No,Yes,Yes
CUST100419,46,92.83,Month-to-month,DSL,Yes,Yes,No,No
CUST100420,2,96.47,Month-to-month,DSL,No,No,No,Yes
CUST100421,35,19.13,One year,No,No,No,No,No
CUST100422,8,60.45,One year,DSL,No,No,Yes,No
CUST100423,26,67.1,Month-to-month,DSL,No,No,No,No
CUST100424,34,19.96,Month-to-month,DSL,Yes,Yes,Yes,No
CUST100425,7,44.5,Month-to-month,DSL,No,No,Yes,No
CUST100426,68,95.55,Two year,Fiber optic,No,No,Yes,No
CUST100427,58,31.99,One year,Fiber optic,Yes,No,Yes,Yes
CUST100428,29,72.6,Month-to-month,DSL,No,Yes,Yes,No
CUST100429,36,39.95,Month-to-month,Fiber optic,Yes,No,Yes,No
CUST100430,21,19.24,One year,Fiber optic,Yes,Yes,Yes,No
CUST100431,36,42.6,Month-to-month,Fiber optic,Yes,No,Yes,No
CUST100432,10,117.54,Month-to-month,Fiber optic,Yes,Yes,No,Yes
CUST100433,24,99.76,Month-to-month,Fiber optic,No,No,Yes,No
CUST100434,64,115.88,One year,DSL,No,Yes,Yes,Yes
CUST100435,49,67.76,Month-to-month,Fiber optic,No,No,Yes,No
CUST100436,36,29.19,Month-to-month,Fiber optic,No,No,No,No
CUST100437,24,73.89,Two year,No,Yes,Yes,Yes,No
CUST100438,23,64.35,Month-to-month,Fiber optic,Yes,No,Yes,Yes
CUST100439,62,104.12,Month-to-month,No,No,Yes,Yes,Yes
CUST100440,37,28.0,Month-to-month,Fiber optic,Yes,No,No,No
CUST100441,12,67.8,Month-to-month,DSL,No,No,Yes,Yes
CUST100442,55,33.3,One year,Fiber optic,No,No,No,No
CUST100443,13,51.12,Month-to-month,No,No,No,Yes,No
CUST100444,23,93.21,Month-to-month,Fiber optic,No,Yes,Yes,No
CUST100445,30,66.55,Month-to-month,DSL,Yes,No,Yes,Yes
CUST100446,17,56.34,One year,Fiber optic,Yes,Yes,Yes,No
CUST100447,62,58.24,One year,DSL,No,No,Yes,No
CUST100448,13,64.86,Month-to-month,DSL,Yes,No,Yes,No
CUST100449,59,98.07,Month-to-month,Fiber optic,No,No,Yes,No
CUST100450,19,108.99,One year,DSL,Yes,Yes,No,No
CUST100451,49,115.44,Month-to-month,Fiber optic,No,No,Yes,Yes
CUST100452,12,98.26,One year,DSL,No,No,No,Yes
CUST100453,61,50.17,One year,Fiber optic,No,Yes,Yes,Yes
CUST100454,19,88.19,One year,DSL,Yes,No,Yes,No
CUST100455,9,62.64,Month-to-month,DSL,Yes,No,Yes,No
CUST100456,71,43.98,Month-to-month,DSL,No,No,Yes,No
CUST100457,28,103.77,One year,DSL,Yes,No,Yes,Yes
CUST100458,52,21.92,Month-to-month,DSL,No,No,Yes,No
CUST100459,16,109.98,Month-to-month,DSL,No,Yes,No,Yes
CUST100460,69,65.07,Two year,Fiber optic,No,No,No,No
CUST100461,12,82.99,Two year,DSL,No,Yes,Yes,No
CUST100462,25,85.25,Month-to-month,Fiber optic,Yes,No,No,No
CUST100463,52,109.3,Month-to-month,Fiber optic,No,No,No,Yes
CUST100464,53,82.94,Month-to-month,Fiber optic,No,No,Yes,Yes
CUST100465,23,80.62,One year,No,Yes,No,No,Yes
CUST100466,16,24.8,Two year,Fiber optic,No,Yes,Yes,No
CUST100467,57,70.88,Month-to-month,DSL,No,No,Yes,Yes
CUST100468,39,33.32,Month-to-month,DSL,Yes,No,Yes,No
CUST100469,53,93.22,Two year,No,Yes,Yes,Yes,No
CUST100470,42,70.25,Month-to-month,DSL,No,No,Yes,No
CUST100471,58,87.38,Month-to-month,DSL,Yes,No,Yes,Yes
CUST100472,39,22.25,Two year,DSL,No,No,No,No
CUST100473,14,26.65,Month-to-month,DSL,No,Yes,No,No
CUST100474,5,91.06,One year,DSL,Yes,No,No,Yes
CUST100475,35,25.35,Month-to-month,Fiber optic,Yes,Yes,No,No
CUST100476,18,25.27,Month-to-month,DSL,No,Yes,No,No
CUST100477,9,19.24,One year,Fiber optic,Yes,Yes,Yes,Yes
CUST100478,58,115.56,Month-to-month,DSL,No,Yes,Yes,Yes
CUST100479,17,93.23,Two year,DSL,Yes,Yes,Yes,No
CUST100480,7,54.03,Month-to-month,No,No,No,No,Yes
CUST100481,46,48.25,Month-to-month,DSL,No,No,Yes,No
CUST100482,13,53.67,Month-to-month,Fiber optic,Yes,Yes,No,No
CUST100483,40,97.01,Month-to-month,Fiber optic,Yes,Yes,Yes,Yes
CUST100484,42,85.46,Month-to-month,DSL,Yes,No,Yes,Yes
CUST100485,9,36.89,Month-to-month,No,Yes,No,No,No
CUST100486,50,35.76,Month-to-month,DSL,No,Yes,Yes,No
CUST100487,27,28.04,Month-to-month,Fiber optic,No,Yes,Yes,No
CUST100488,66,85.35,One year,DSL,Yes,Yes,Yes,No
CUST100489,5,95.97,One year,Fiber optic,No,Yes,Yes,No
CUST100490,29,45.03,One year,DSL,No,Yes,No,Yes
CUST100491,37,20.14,Month-to-month,Fiber optic,Yes,No,Yes,No
CUST100492,38,26.38,Month-to-month,Fiber optic,Yes,Yes,Yes,No
CUST100493,8,116.72,One year,No,No,No,Yes,No
CUST100494,65,48.14,Month-to-month,No,No,Yes,No,No
CUST100495,17,96.46,Month-to-month,Fiber optic,No,No,Yes,No
CUST100496,71,81.72,One year,Fiber optic,No,No,Yes,Yes
CUST100497,45,56.96,One year,DSL,Yes,No,No,No
CUST100498,4,38.98,Month-to-month,DSL,No,No,Yes,No
CUST100499,36,30.38,Month-to-month,DSL,No,No,No,Yes
CUST100500,70,80.73,One year,Fiber optic,No,No,Yes,No
CUST100501,31,97.01,Month-to-month,Fiber optic,Yes,No,Yes,Yes
CUST100502,19,83.68,One year,Fiber optic,Yes,No,Yes,No
CUST100503,61,72.09,One year,DSL,Yes,No,No,No
CUST100504,54,22.28,One year,Fiber optic,No,No,No,Yes
CUST100505,39,116.79,Month-to-month,DSL,Yes,No,Yes,No
CUST100506,19,99.47,Month-to-month,DSL,No,No,Yes,No
CUST100507,39,47.87,One year,Fiber optic,Yes,Yes,No,No
CUST100508,67,117.96,One year,Fiber optic,Yes,Yes,No,Yes
CUST100509,45,79.39,One year,Fiber optic,No,No,No,Yes
CUST100510,13,77.41,Month-to-month,Fiber optic,No,Yes,Yes,Yes
CUST100511,58,94.3,Month-to-month,DSL,No,No,No,Yes
CUST100512,20,100.8,Two year,Fiber optic,Yes,Yes,Yes,No
CUST100513,72,84.96,One year,DSL,No,No,Yes,No
CUST100514,61,31.07,Two year,Fiber optic,Yes,No,Yes,No
CUST100515,39,52.5,One year,Fiber optic,Yes,No,No,No
CUST100516,1,112.66,Month-to-month,DSL,No,No,Yes,Yes
CUST100517,3,40.91,One year,DSL,Yes,No,Yes,No
CUST100518,62,55.96,Two year,No,Yes,No,No,No
CUST100519,63,62.07,Month-to-month,No,No,No,Yes,No
CUST100520,25,62.82,One year,Fiber optic,No,Yes,No,No
CUST100521,56,80.52,Month-to-month,DSL,No,No,No,Yes
CUST100522,33,114.19,Month-to-month,DSL,Yes,No,Yes,Yes
CUST100523,38,42.55,One year,Fiber optic,Yes,No,No,No
CUST100524,6,30.39,Month-to-month,No,Yes,No,No,No
CUST100525,58,38.14,Month-to-month,DSL,No,No,No,No
CUST100526,44,108.47,Month-to-month,Fiber optic,No,Yes,No,No
CUST100527,45,83.87,Month-to-month,DSL,No,Yes,No,Yes
CUST100528,32,47.16,Month-to-month,No,Yes,No,Yes,No
CUST100529,45,101.23,Month-to-month,Fiber optic,No,No,Yes,Yes
CUST100530,61,105.86,Two year,Fiber optic,Yes,No,No,No
CUST100531,47,104.34,Month-to-month,DSL,No,Yes,Yes,No
CUST100532,21,111.73,Month-to-month,Fiber optic,No,No,Yes,Yes
CUST100533,36,43.73,Month-to-month,DSL,No,No,No,No
CUST100534,19,95.01,One year,DSL,No,No,No,No
CUST100535,20,64.98,Month-to-month,No,No,Yes,Yes,Yes
CUST100536,57,103.88,One year,No,No,Yes,No,No
CUST100537,18,92.31,One year,Fiber optic,No,Yes,No,No
CUST100538,47,97.2,One year,Fiber optic,Yes,Yes,Yes,No
CUST100539,49,84.93,Month-to-month,Fiber optic,No,Yes,No,Yes
CUST100540,14,36.1,One year,DSL,Yes,Yes,Yes,Yes
CUST100541,15,73.59,Month-to-month,DSL,No,No,Yes,No
CUST100542,31,118.44,Two year,DSL,No,No,Yes,Yes
CUST100543,1,113.61,One year,Fiber optic,No,No,Yes,No
CUST100544,54,22.4,Month-to-month,Fiber optic,Yes,Yes,Yes,Yes
CUST100545,3,34.81,Month-to-month,DSL,Yes,No,No,No
CUST100546,16,31.44,Month-to-month,Fiber optic,No,No,No,No
CUST100547,57,92.05,One year,Fiber optic,No,Yes,Yes,No
CUST100548,12,101.41,Month-to-month,Fiber optic,No,No,No,Yes
CUST100549,16,39.78,Month-to-month,DSL,Yes,Yes,Yes,No
CUST100550,72,69.6,Month-to-month,DSL,No,No,Yes,No
CUST100551,24,103.75,One year,DSL,No,No,No,Yes
CUST100552,28,92.75,One year,DSL,Yes,No,Yes,No
CUST100553,8,73.31,One year,Fiber optic,Yes,No,Yes,Yes
CUST100554,36,78.22,One year,Fiber optic,No,No,No,No
CUST100555,8,69.85,Month-to-month,Fiber optic,No,No,Yes,No
CUST100556,58,48.35,Month-to-month,Fiber optic,No,No,No,Yes
CUST100557,60,75.63,One year,Fiber optic,No,Yes,Yes,No
CUST100558,50,88.27,Month-to-month,DSL,No,Yes,Yes,Yes
CUST100559,28,107.08,Month-to-month,Fiber optic,No,No,Yes,Yes
CUST100560,41,82.9,Month-to-month,Fiber optic,Yes,No,Yes,Yes
CUST100561,64,95.63,Month-to-month,DSL,Yes,No,Yes,No
CUST100562,27,34.33,Month-to-month,DSL,No,Yes,Yes,No
CUST100563,63,65.08,Two year,Fiber optic,No,No,No,No
CUST100564,17,18.95,Month-to-month,DSL,No,Yes,No,Yes
CUST100565,33,43.16,Month-to-month,Fiber optic,No,No,Yes,Yes
CUST100566,29,92.1,Month-to-month,DSL,Yes,No,Yes,No
CUST100567,13,119.16,One year,Fiber optic,No,No,Yes,Yes
CUST100568,46,28.12,Month-to-month,DSL,Yes,Yes,No,No
CUST100569,35,58.95,Two year,DSL,Yes,No,No,No
CUST100570,6,99.61,Two year,Fiber optic,No,No,Yes,No
CUST100571,69,38.81,Month-to-month,DSL,No,No,No,No
CUST100572,47,74.62,Two year,Fiber optic,No,No,Yes,No
CUST100573,25,92.77,Two year,DSL,Yes,No,Yes,No
CUST100574,66,80.83,One year,DSL,No,No,Yes,Yes
CUST100575,10,37.18,One year,DSL,Yes,No,Yes,No
CUST100576,56,54.25,Month-to-month,DSL,Yes,Yes,Yes,Yes
CUST100577,30,97.95,Month-to-month,No,No,No,Yes,Yes
CUST100578,5,74.53,Month-to-month,DSL,No,No,No,Yes
CUST100579,33,18.53,Month-to-month,Fiber optic,No,Yes,Yes,No
CUST100580,65,95.62,Two year,DSL,Yes,Yes,Yes,No
CUST100581,18,21.6,Month-to-month,DSL,No,No,Yes,No
CUST100582,49,94.06,One year,No,Yes,Yes,Yes,No
CUST100583,11,38.65,One year,DSL,No,No,Yes,No
CUST100584,26,115.72,Two year,No,Yes,Yes,Yes,No
CUST100585,63,55.53,Two year,DSL,Yes,No,Yes,No
CUST100586,59,51.35,Month-to-month,Fiber optic,No,No,Yes,No
CUST100587,27,33.19,Month-to-month,Fiber optic,No,No,Yes,Yes
CUST100588,49,49.17,Month-to-month,Fiber optic,Yes,No,Yes,Yes
CUST100589,33,107.42,Month-to-month,Fiber optic,Yes,No,No,No
CUST100590,1,119.63,Month-to-month,Fiber optic,No,No,No,Yes
CUST100591,21,55.57,Month-to-month,DSL,Yes,Yes,Yes,No
CUST100592,55,63.76,One year,DSL,Yes,Yes,Yes,No
CUST100593,6,91.65,Month-to-month,No,Yes,Yes,Yes,Yes
CUST100594,69,108.39,Month-to-month,DSL,Yes,No,Yes,Yes
CUST100595,5,78.49,One year,Fiber optic,No,Yes,Yes,No
CUST100596,3,57.94,Month-to-month,Fiber optic,No,Yes,Yes,Yes
CUST100597,53,60.09,Month-to-month,DSL,No,No,Yes,Yes
CUST100598,23,88.95,One year,No,No,No,No,No
CUST100599,53,18.33,One year,Fiber optic,No,No,Yes,No
CUST100600,37,81.2,One year,Fiber optic,Yes,Yes,Yes,No
CUST100601,17,54.26,Month-to-month,Fiber optic,Yes,Yes,Yes,Yes
CUST100602,1,99.01,One year,DSL,Yes,No,No,No
CUST100603,51,27.49,One year,DSL,Yes,Yes,No,No
CUST100604,45,78.0,Month-to-month,Fiber optic,No,No,Yes,No
CUST100605,4,67.06,One year,DSL,No,No,No,No
CUST100606,62,83.52,Two year,Fiber optic,Yes,No,Yes,No
CUST100607,65,24.62,Month-to-month,No,No,Yes,No,No
CUST100608,32,77.16,Month-to-month,Fiber optic,No,No,No,No
CUST100609,34,75.27,Two year,DSL,No,No,Yes,No
CUST100610,72,75.19,One year,No,No,No,No,No
CUST100611,39,79.56,Month-to-month,Fiber optic,No,No,Yes,No
CUST100612,26,87.0,One year,Fiber optic,No,Yes,Yes,No
CUST100613,34,100.11,Month-to-month,Fiber optic,No,Yes,Yes,Yes
CUST100614,54,45.52,Month-to-month,No,No,No,No,No
CUST100615,3,102.16,Month-to-month,Fiber optic,Yes,No,Yes,Yes
CUST100616,50,68.82,Two year,Fiber optic,Yes,No,Yes,Yes
CUST100617,12,25.86,Two year,Fiber optic,No,No,No,No
CUST100618,65,23.97,Month-to-month,DSL,Yes,No,Yes,No
CUST100619,54,52.09,Month-to-month,Fiber optic,Yes,No,Yes,No
CUST100620,5,98.06,Month-to-month,Fiber optic,No,No,Yes,Yes
CUST100621,57,90.18,Two year,Fiber optic,Yes,Yes,Yes,No
CUST100622,17,98.44,Two year,Fiber optic,No,No,Yes,No
CUST100623,47,70.76,One year,No,No,Yes,Yes,No
CUST100624,23,62.9,One year,Fiber optic,No,No,No,Yes
CUST100625,14,33.04,One year,Fiber optic,No,No,No,No
CUST100626,66,51.48,Month-to-month,Fiber optic,Yes,No,Yes,Yes
CUST100627,51,62.27,Month-to-month,Fiber optic,No,Yes,Yes,No
CUST100628,38,27.04,Month-to-month,Fiber optic,No,No,Yes,Yes
CUST100629,64,40.5,One year,DSL,No,Yes,Yes,No
CUST100630,38,79.02,One year,Fiber optic,Yes,No,Yes,Yes
CUST100631,50,93.04,Month-to-month,Fiber optic,Yes,Yes,Yes,Yes
CUST100632,30,119.83,Two year,Fiber optic,No,No,No,No
CUST100633,51,113.18,Month-to-month,Fiber optic,Yes,No,Yes,No
CUST100634,63,83.54,Month-to-month,Fiber optic,No,No,Yes,Yes
CUST100635,52,60.97,One year,Fiber optic,Yes,No,No,No
CUST100636,38,82.89,One year,DSL,Yes,Yes,No,No
CUST100637,30,98.14,One year,Fiber optic,Yes,Yes,Yes,No
CUST100638,51,30.07,Month-to-month,Fiber optic,Yes,No,No,No
CUST100639,5,59.81,Month-to-month,DSL,No,No,Yes,No
CUST100640,29,103.66,One year,DSL,No,Yes,No,No
CUST100641,4,57.15,Month-to-month,Fiber optic,Yes,No,Yes,Yes
CUST100642,10,76.33,Month-to-month,Fiber optic,No,No,No,No
CUST100643,56,77.95,One year,DSL,Yes,Yes,No,Yes
CUST100644,17,36.82,Month-to-month,No,No,Yes,No,Yes
CUST100645,17,54.95,One year,Fiber optic,Yes,Yes,No,No
CUST100646,69,52.12,One year,No,No,No,Yes,No
CUST100647,34,20.67,Month-to-month,Fiber optic,No,No,Yes,Yes
CUST100648,6,20.47,Month-to-month,Fiber optic,No,No,Yes,Yes
CUST100649,53,102.83,One year,Fiber optic,No,No,No,No
CUST100650,66,45.85,One year,Fiber optic,No,Yes,No,No
CUST100651,43,70.84,One year,Fiber optic,No,No,Yes,No
CUST100652,23,48.47,One year,DSL,No,No,No,No
CUST100653,55,113.95,One year,Fiber optic,No,Yes,No,No
CUST100654,16,44.45,Two year,DSL,No,No,No,No
CUST100655,8,61.82,Month-to-month,DSL,Yes,No,No,No
CUST100656,4,107.02,Month-to-month,DSL,No,No,Yes,Yes
CUST100657,4,103.88,Month-to-month,DSL,Yes,No,Yes,Yes
CUST100658,56,36.98,Month-to-month,No,No,Yes,Yes,No
CUST100659,25,99.87,Month-to-month,DSL,No,Yes,Yes,No
CUST100660,67,64.74,Month-to-month,Fiber optic,No,No,Yes,No
CUST100661,67,67.26,Two year,Fiber optic,Yes,Yes,No,No
CUST100662,27,31.61,Month-to-month,Fiber optic,Yes,No,No,Yes
CUST100663,32,26.22,Month-to-month,DSL,No,No,Yes,Yes
CUST100664,50,92.25,Month-to-month,Fiber optic,No,No,Yes,Yes
CUST100665,61,68.64,Month-to-month,Fiber optic,Yes,No,Yes,Yes
CUST100666,51,62.56,Month-to-month,Fiber optic,Yes,No,Yes,No
CUST100667,19,92.41,Month-to-month,Fiber optic,No,No,Yes,No
CUST100668,21,96.08,Month-to-month,No,No,No,Yes,No
CUST100669,5,34.21,One year,Fiber optic,Yes,Yes,Yes,No
CUST100670,42,80.24,Two year,DSL,Yes,Yes,Yes,No
CUST100671,61,31.81,Two year,Fiber optic,Yes,No,Yes,No
CUST100672,22,94.64,One year,DSL,No,Yes,Yes,No
CUST100673,21,85.01,Month-to-month,Fiber optic,Yes,Yes,Yes,Yes
CUST100674,70,115.57,Two year,DSL,Yes,Yes,Yes,No
CUST100675,1,25.03,Two year,DSL,Yes,No,Yes,No
CUST100676,5,23.82,Month-to-month,Fiber optic,Yes,No,No,Yes
CUST100677,12,46.78,One year,Fiber optic,No,Yes,Yes,No
CUST100678,46,44.69,Month-to-month,Fiber optic,Yes,No,Yes,No
CUST100679,34,43.19,One year,Fiber optic,Yes,No,No,Yes
CUST100680,49,110.44,Two year,Fiber optic,No,Yes,Yes,No
CUST100681,45,43.45,Month-to-month,DSL,Yes,No,No,No
CUST100682,27,45.74,Two year,Fiber optic,Yes,No,Yes,No
CUST100683,26,95.46,One year,DSL,No,No,Yes,No
CUST100684,47,63.87,Two year,Fiber optic,No,No,Yes,No
CUST100685,56,97.22,Month-to-month,Fiber optic,No,Yes,Yes,No
CUST100686,63,24.67,One year,DSL,No,No,Yes,No
CUST100687,48,67.73,Month-to-month,Fiber optic,No,Yes,Yes,Yes
CUST100688,61,21.43,Month-to-month,DSL,Yes,No,Yes,No
CUST100689,26,24.39,Month-to-month,Fiber optic,No,No,Yes,No
CUST100690,36,110.46,Two year,Fiber optic,No,No,Yes,No
CUST100691,1,32.2,One year,Fiber optic,No,Yes,No,Yes
CUST100692,8,72.31,Two year,DSL,No,No,Yes,No
CUST100693,52,59.93,Two year,DSL,Yes,No,Yes,No
CUST100694,47,53.43,Month-to-month,DSL,No,No,Yes,No
CUST100695,56,109.78,Month-to-month,DSL,No,No,No,No
CUST100696,14,20.23,Month-to-month,Fiber optic,No,No,Yes,No
CUST100697,28,85.71,Month-to-month,Fiber optic,Yes,No,Yes,No
CUST100698,2,116.27,Month-to-month,Fiber optic,Yes,No,Yes,Yes
CUST100699,26,75.14,Month-to-month,Fiber optic,Yes,No,Yes,Yes
CUST100700,14,113.56,Month-to-month,No,No,No,No,No
CUST100701,59,23.33,Month-to-month,Fiber optic,Yes,No,No,No
CUST100702,56,60.72,Month-to-month,No,Yes,Yes,Yes,No
CUST100703,7,44.54,Month-to-month,Fiber optic,No,No,Yes,No
CUST100704,3,92.54,Two year,DSL,Yes,No,No,Yes
CUST100705,23,118.09,One year,DSL,No,Yes,Yes,No
CUST100706,18,44.17,Two year,Fiber optic,Yes,No,No,No
CUST100707,38,84.73,Month-to-month,DSL,No,No,No,Yes
CUST100708,15,38.21,Month-to-month,DSL,No,No,Yes,Yes
CUST100709,64,75.66,One year,Fiber optic,No,No,No,Yes
CUST100710,28,65.32,Month-to-month,Fiber optic,No,Yes,Yes,Yes
CUST100711,39,117.14,Month-to-month,Fiber optic,Yes,Yes,No,No
CUST100712,57,80.07,Month-to-month,DSL,Yes,No,Yes,No
CUST100713,17,53.65,Month-to-month,Fiber optic,Yes,Yes,Yes,No
CUST100714,44,29.64,Month-to-month,Fiber optic,No,Yes,Yes,No
CUST100715,25,33.43,Month-to-month,No,No,No,No,Yes
CUST100716,17,40.98,One year,Fiber optic,No,No,Yes,No
CUST100717,13,43.6,Month-to-month,No,No,No,Yes,No
CUST100718,25,104.76,Month-to-month,Fiber optic,Yes,No,Yes,Yes
CUST100719,68,75.24,One year,Fiber optic,No,Yes,Yes,No
CUST100720,10,71.39,Month-to-month,DSL,No,Yes,Yes,No
CUST100721,67,29.71,Month-to-month,Fiber optic,Yes,No,Yes,No
CUST100722,18,105.73,Two year,Fiber optic,No,No,Yes,No
CUST100723,34,91.73,Month-to-month,Fiber optic,Yes,Yes,Yes,No
CUST100724,8,24.9,Month-to-month,Fiber optic,No,No,Yes,Yes
CUST100725,40,90.2,Month-to-month,Fiber optic,No,Yes,Yes,Yes
CUST100726,42,73.44,Month-to-month,DSL,Yes,No,Yes,Yes
CUST100727,41,26.34,Month-to-month,Fiber optic,Yes,Yes,No,Yes
CUST100728,6,64.75,One year,DSL,Yes,Yes,Yes,Yes
CUST100729,52,67.44,Month-to-month,Fiber optic,No,Yes,No,Yes
CUST100730,26,34.91,Month-to-month,DSL,No,No,No,No
CUST100731,64,114.46,Month-to-month,DSL,Yes,No,Yes,No
CUST100732,59,104.7,Month-to-month,Fiber optic,No,No,Yes,No
CUST100733,56,86.24,One year,Fiber optic,No,No,No,No
CUST100734,59,65.15,Month-to-month,Fiber optic,Yes,No,Yes,No
CUST100735,70,60.0,Month-to-month,DSL,Yes,Yes,Yes,No
CUST100736,33,84.4,Month-to-month,Fiber optic,No,No,No,Yes
CUST100737,53,73.63,Month-to-month,DSL,No,No,Yes,No
CUST100738,22,24.35,Month-to-month,No,Yes,No,No,No
CUST100739,21,70.28,One year,No,Yes,Yes,Yes,Yes
CUST100740,70,100.25,Month-to-month,Fiber optic,Yes,No,No,No
CUST100741,70,64.84,Month-to-month,DSL,No,Yes,Yes,No
CUST100742,4,23.3,Month-to-month,Fiber optic,Yes,No,Yes,Yes
CUST100743,62,98.2,One year,DSL,Yes,Yes,Yes,Yes
CUST100744,62,38.54,Month-to-month,Fiber optic,No,No,Yes,Yes
CUST100745,24,44.38,One year,DSL,No,No,No,No
CUST100746,55,34.8,One year,No,Yes,No,Yes,No
CUST100747,9,51.68,Two year,DSL,Yes,No,No,No
CUST100748,3,95.19,Month-to-month,Fiber optic,No,No,Yes,Yes
CUST100749,31,70.98,Month-to-month,Fiber optic,Yes,No,Yes,No
CUST100750,40,38.9,One year,Fiber optic,Yes,No,Yes,No
CUST100751,36,107.54,Two year,DSL,No,No,Yes,Yes
CUST100752,24,107.72,Two year,No,Yes,No,Yes,No
CUST100753,6,106.8,Month-to-month,Fiber optic,No,Yes,Yes,Yes
CUST100754,66,42.36,Month-to-month,Fiber optic,No,No,No,No
CUST100755,4,64.03,Month-to-month,DSL,Yes,No,No,Yes
CUST100756,6,118.47,One year,Fiber optic,Yes,No,Yes,Yes
CUST100757,51,96.75,Month-to-month,Fiber optic,No,No,Yes,No
CUST100758,62,20.77,Month-to-month,DSL,No,No,Yes,No
CUST100759,57,24.65,One year,DSL,No,Yes,Yes,No
CUST100760,66,65.32,Month-to-month,Fiber optic,No,Yes,Yes,Yes
CUST100761,8,110.74,Two year,DSL,Yes,Yes,Yes,No
CUST100762,26,72.95,Month-to-month,DSL,No,No,No,No
CUST100763,51,68.78,Month-to-month,Fiber optic,Yes,No,No,Yes
CUST100764,45,28.76,Month-to-month,Fiber optic,No,No,Yes,No
CUST100765,44,84.99,One year,DSL,Yes,No,Yes,No
CUST100766,5,101.85,Month-to-month,Fiber optic,Yes,Yes,Yes,Yes
CUST100767,70,56.8,Month-to-month,DSL,No,No,No,No
CUST100768,26,97.11,Two year,DSL,No,No,Yes,No
CUST100769,68,116.38,Month-to-month,DSL,Yes,No,Yes,No
CUST100770,19,38.78,Month-to-month,Fiber optic,Yes,No,No,Yes
CUST100771,20,71.38,Month-to-month,DSL,No,No,Yes,Yes
CUST100772,12,47.29,Month-to-month,DSL,No,No,Yes,No
CUST100773,47,98.87,One year,Fiber optic,Yes,No,Yes,Yes
CUST100774,1,76.91,Month-to-month,Fiber optic,Yes,Yes,Yes,Yes
CUST100775,14,82.73,Month-to-month,DSL,Yes,Yes,Yes,No
CUST100776,64,99.39,Month-to-month,Fiber optic,No,No,Yes,No
CUST100777,38,58.39,One year,DSL,No,No,Yes,No
CUST100778,37,111.34,Month-to-month,Fiber optic,No,No,Yes,Yes
CUST100779,11,72.37,Month-to-month,Fiber optic,No,No,No,No
CUST100780,3,34.11,Month-to-month,Fiber optic,Yes,No,Yes,No
CUST100781,33,88.98,Month-to-month,DSL,No,Yes,Yes,Yes
CUST100782,6,98.91,Month-to-month,DSL,No,No,No,No
CUST100783,50,50.31,Month-to-month,DSL,Yes,No,No,Yes
CUST100784,10,105.43,One year,Fiber optic,Yes,Yes,No,No
CUST100785,5,110.43,Month-to-month,DSL,No,No,Yes,Yes
CUST100786,23,46.24,Two year,Fiber optic,No,No,Yes,No
CUST100787,10,118.32,Two year,No,Yes,No,No,No
CUST100788,44,32.35,Month-to-month,No,No,No,No,No
CUST100789,2,38.61,Month-to-month,Fiber optic,No,No,Yes,Yes
CUST100790,13,36.79,Month-to-month,Fiber optic,Yes,No,No,Yes
CUST100791,40,109.19,One year,Fiber optic,Yes,No,Yes,No
CUST100792,2,84.74,Month-to-month,DSL,Yes,No,No,Yes
CUST100793,65,33.51,Month-to-month,Fiber optic,No,Yes,No,No
CUST100794,63,62.91,Month-to-month,Fiber optic,Yes,No,No,No
CUST100795,17,80.76,One year,Fiber optic,Yes,Yes,No,No
CUST100796,9,26.51,One year,Fiber optic,No,Yes,No,No
CUST100797,15,108.01,Month-to-month,DSL,No,No,Yes,Yes
CUST100798,24,99.97,One year,DSL,Yes,Yes,Yes,No
CUST100799,38,69.53,Month-to-month,No,Yes,No,Yes,Yes
CUST100800,35,116.65,Month-to-month,DSL,No,Yes,Yes,Yes
CUST100801,49,60.61,Two year,Fiber optic,No,No,No,No
CUST100802,69,118.38,Month-to-month,No,No,Yes,Yes,Yes
CUST100803,62,86.13,Month-to-month,Fiber optic,Yes,Yes,Yes,No
CUST100804,60,82.74,Month-to-month,Fiber optic,No,Yes,Yes,No
CUST100805,50,34.93,Two year,DSL,No,No,No,No
CUST100806,9,107.96,One year,DSL,No,No,Yes,No
CUST100807,34,61.6,One year,Fiber optic,No,Yes,Yes,No
CUST100808,35,34.55,One year,Fiber optic,Yes,No,Yes,No
CUST100809,1,19.29,Month-to-month,Fiber optic,Yes,No,No,Yes
CUST100810,40,75.1,Month-to-month,DSL,No,No,Yes,Yes
CUST100811,64,71.79,Month-to-month,DSL,No,No,No,No
CUST100812,22,91.37,Month-to-month,No,No,No,Yes,No
CUST100813,60,108.81,Month-to-month,Fiber optic,Yes,Yes,Yes,Yes
CUST100814,64,26.1,Two year,Fiber optic,No,No,No,No
CUST100815,72,92.61,Month-to-month,DSL,No,No,Yes,No
CUST100816,11,37.12,Month-to-month,Fiber optic,Yes,No,Yes,No
CUST100817,14,105.53,Month-to-month,No,Yes,Yes,Yes,No
CUST100818,60,101.54,Month-to-month,Fiber optic,No,Yes,Yes,No
CUST100819,30,73.16,Two year,DSL,No,No,Yes,No
CUST100820,35,90.44,Month-to-month,Fiber optic,No,No,Yes,Yes
CUST100821,37,50.06,Month-to-month,Fiber optic,No,No,Yes,No
CUST100822,5,66.06,One year,Fiber optic,Yes,No,Yes,Yes
CUST100823,26,101.81,Month-to-month,Fiber optic,Yes,Yes,No,No
CUST100824,62,64.85,Month-to-month,Fiber optic,No,No,No,No
CUST100825,4,54.5,Month-to-month,Fiber optic,No,No,Yes,Yes
CUST100826,42,68.41,Month-to-month,Fiber optic,No,No,Yes,No
CUST100827,18,102.48,Two year,DSL,No,Yes,Yes,No
CUST100828,40,52.19,One year,DSL,Yes,No,Yes,Yes
CUST100829,72,35.72,Month-to-month,DSL,No,No,Yes,No
CUST100830,39,90.63,One year,No,Yes,Yes,Yes,No
CUST100831,14,102.25,Month-to-month,Fiber optic,Yes,No,Yes,Yes
CUST100832,32,28.27,Month-to-month,Fiber optic,Yes,No,Yes,No
CUST100833,51,42.47,Month-to-month,DSL,Yes,Yes,Yes,No
CUST100834,38,32.48,Month-to-month,DSL,Yes,No,No,No
CUST100835,23,53.49,Month-to-month,Fiber optic,Yes,No,Yes,Yes
CUST100836,63,63.94,One year,Fiber optic,Yes,No,Yes,No
CUST100837,15,94.38,Two year,DSL,Yes,No,No,No
CUST100838,25,84.42,Month-to-month,Fiber optic,No,No,Yes,Yes
CUST100839,17,81.33,Month-to-month,DSL,Yes,Yes,Yes,Yes
CUST100840,66,53.94,Month-to-month,DSL,Yes,No,Yes,No
CUST100841,53,103.83,Month-to-month,Fiber optic,No,No,Yes,No
CUST100842,51,66.07,Month-to-month,DSL,No,No,Yes,Yes
CUST100843,39,117.87,Month-to-month,No,No,No,No,Yes
CUST100844,51,82.68,One year,DSL,Yes,Yes,Yes,Yes
CUST100845,70,30.88,Month-to-month,DSL,No,No,Yes,Yes
CUST100846,6,86.97,Month-to-month,DSL,Yes,No,No,Yes
CUST100847,67,51.16,Month-to-month,Fiber optic,Yes,Yes,No,Yes
CUST100848,7,88.01,Month-to-month,Fiber optic,Yes,No,Yes,No
CUST100849,51,25.1,Month-to-month,Fiber optic,No,No,No,No
CUST100850,72,35.84,One year,DSL,Yes,No,Yes,No
CUST100851,42,105.29,Month-to-month,DSL,Yes,Yes,Yes,No
CUST100852,64,41.17,One year,Fiber optic,Yes,No,Yes,No
CUST100853,15,103.38,Month-to-month,Fiber optic,No,Yes,Yes,Yes
CUST100854,29,46.49,Month-to-month,Fiber optic,No,Yes,No,No
CUST100855,33,83.57,Month-to-month,DSL,Yes,No,Yes,No
CUST100856,27,88.8,One year,Fiber optic,No,Yes,Yes,No
CUST100857,36,70.29,Month-to-month,No,No,Yes,Yes,Yes
CUST100858,29,49.14,One year,Fiber optic,No,Yes,Yes,No
CUST100859,38,39.69,Month-to-month,Fiber optic,Yes,Yes,Yes,No
CUST100860,57,21.39,One year,DSL,No,Yes,Yes,No
CUST100861,27,49.0,Month-to-month,No,Yes,No,No,No
CUST100862,55,84.62,One year,Fiber optic,No,Yes,Yes,No
CUST100863,33,113.71,Month-to-month,No,Yes,Yes,Yes,No
CUST100864,68,106.86,Two year,Fiber optic,Yes,Yes,Yes,Yes
CUST100865,66,96.14,Month-to-month,Fiber optic,Yes,No,Yes,No
CUST100866,10,98.42,Month-to-month,No,No,No,Yes,Yes
CUST100867,5,85.83,Month-to-month,DSL,Yes,No,No,No
CUST100868,38,44.55,One year,DSL,No,No,No,No
CUST100869,13,110.53,Month-to-month,Fiber optic,Yes,No,Yes,Yes
CUST100870,31,86.41,One year,Fiber optic,No,No,Yes,Yes
CUST100871,47,75.16,Month-to-month,No,No,Yes,No,No
CUST100872,52,29.32,Month-to-month,DSL,No,No,Yes,Yes
CUST100873,56,63.6,Month-to-month,Fiber optic,No,No,Yes,Yes
CUST100874,15,64.96,Two year,Fiber optic,No,No,Yes,No
CUST100875,29,106.19,One year,DSL,Yes,Yes,No,Yes
CUST100876,8,73.76,Two year,Fiber optic,No,No,Yes,No
CUST100877,5,56.8,Month-to-month,DSL,Yes,Yes,No,No
CUST100878,29,117.63,One year,DSL,No,Yes,No,Yes
CUST100879,47,29.29,One year,No,No,No,Yes,No
CUST100880,68,61.1,Month-to-month,Fiber optic,Yes,No,No,No
CUST100881,45,22.29,One year,Fiber optic,Yes,No,No,No
CUST100882,2,93.47,Two year,No,No,No,Yes,No
CUST100883,27,111.64,Two year,Fiber optic,No,Yes,Yes,No
CUST100884,36,46.56,One year,Fiber optic,No,Yes,Yes,No
CUST100885,36,105.55,Month-to-month,Fiber optic,No,Yes,Yes,Yes
CUST100886,26,47.81,Month-to-month,Fiber optic,No,No,Yes,Yes
CUST100887,43,110.9,Two year,DSL,No,Yes,Yes,No
CUST100888,27,94.9,Month-to-month,No,Yes,Yes,Yes,Yes
CUST100889,69,100.1,One year,DSL,Yes,No,No,No
CUST100890,20,19.84,One year,DSL,No,Yes,Yes,No
CUST100891,11,116.21,One year,Fiber optic,No,No,Yes,Yes
CUST100892,38,92.12,Two year,Fiber optic,No,No,Yes,No
CUST100893,6,49.08,Month-to-month,Fiber optic,Yes,No,Yes,Yes
CUST100894,72,102.6,Month-to-month,Fiber optic,Yes,No,Yes,Yes
CUST100895,23,46.72,Month-to-month,Fiber optic,Yes,No,Yes,No
CUST100896,47,107.02,Month-to-month,DSL,Yes,Yes,Yes,Yes
CUST100897,46,29.48,Month-to-month,DSL,Yes,No,No,No
CUST100898,12,89.78,Month-to-month,DSL,No,No,No,Yes
CUST100899,13,73.15,One year,Fiber optic,Yes,Yes,Yes,No
CUST100900,62,27.85,Two year,DSL,No,Yes,No,No
CUST100901,60,42.67,Month-to-month,Fiber optic,Yes,No,No,No
CUST100902,43,19.27,Month-to-month,Fiber optic,No,No,Yes,No
CUST100903,68,65.81,Two year,DSL,Yes,No,No,No
CUST100904,5,48.73,Month-to-month,Fiber optic,Yes,No,No,No
CUST100905,37,79.03,Month-to-month,Fiber optic,Yes,Yes,Yes,No
CUST100906,72,48.32,Month-to-month,DSL,No,No,Yes,Yes
CUST100907,31,48.59,Month-to-month,Fiber optic,No,No,Yes,No
CUST100908,9,93.81,Month-to-month,Fiber optic,No,Yes,Yes,No
CUST100909,51,22.91,Two year,Fiber optic,Yes,No,No,No
CUST100910,29,110.1,Month-to-month,Fiber optic,No,No,Yes,Yes
CUST100911,40,104.93,Month-to-month,Fiber optic,Yes,No,No,No
CUST100912,41,86.12,Month-to-month,Fiber optic,Yes,Yes,No,Yes
CUST100913,11,78.51,Month-to-month,DSL,No,No,Yes,No
CUST100914,23,109.01,One year,Fiber optic,No,No,No,No
CUST100915,1,36.9,One year,Fiber optic,Yes,No,Yes,No
CUST100916,46,26.05,One year,DSL,Yes,No,Yes,No
CUST100917,21,42.43,Month-to-month,Fiber optic,No,Yes,Yes,Yes
CUST100918,36,99.05,Two year,No,Yes,No,Yes,No
CUST100919,54,21.54,One year,Fiber optic,Yes,No,Yes,No
CUST100920,57,77.45,One year,Fiber optic,No,Yes,No,Yes
CUST100921,1,119.53,Month-to-month,No,No,No,No,Yes
CUST100922,63,105.28,Month-to-month,Fiber optic,No,No,Yes,Yes
CUST100923,54,71.19,Month-to-month,Fiber optic,No,No,No,No
CUST100924,55,24.49,One year,Fiber optic,No,Yes,No,No
CUST100925,40,102.8,Month-to-month,Fiber optic,Yes,No,Yes,Yes
CUST100926,15,79.1,Month-to-month,Fiber optic,No,No,Yes,Yes
CUST100927,21,29.72,Two year,Fiber optic,Yes,No,No,No
CUST100928,47,27.57,Two year,Fiber optic,Yes,No,Yes,No
CUST100929,53,110.78,Two year,No,No,No,Yes,No
CUST100930,9,86.26,Month-to-month,Fiber optic,Yes,Yes,Yes,No
CUST100931,52,102.59,One year,DSL,Yes,No,No,No
CUST100932,57,107.66,Month-to-month,Fiber optic,Yes,No,Yes,Yes
CUST100933,26,76.32,Month-to-month,Fiber optic,Yes,No,Yes,No
CUST100934,41,70.78,Month-to-month,DSL,No,Yes,Yes,Yes
CUST100935,35,61.9,Month-to-month,Fiber optic,No,No,No,Yes
CUST100936,63,50.33,Month-to-month,Fiber optic,No,No,Yes,No
CUST100937,25,62.33,One year,Fiber optic,Yes,No,Yes,No
CUST100938,38,96.94,Month-to-month,DSL,Yes,Yes,No,Yes
CUST100939,2,79.4,One year,Fiber optic,Yes,Yes,Yes,Yes
CUST100940,7,109.04,Month-to-month,Fiber optic,Yes,No,No,Yes
CUST100941,34,63.22,Month-to-month,DSL,Yes,Yes,No,No
CUST100942,17,79.92,Month-to-month,No,No,No,No,No
CUST100943,43,82.39,Month-to-month,Fiber optic,No,Yes,Yes,No
CUST100944,59,78.35,Month-to-month,DSL,No,No,Yes,No
CUST100945,51,89.67,Month-to-month,Fiber optic,Yes,No,No,Yes
CUST100946,54,42.22,Month-to-month,Fiber optic,No,No,No,No
CUST100947,24,70.26,Month-to-month,DSL,Yes,No,Yes,Yes
CUST100948,25,28.63,Month-to-month,DSL,Yes,No,No,Yes
CUST100949,71,57.22,Two year,DSL,No,Yes,Yes,No
CUST100950,52,67.74,Month-to-month,DSL,No,Yes,Yes,No
CUST100951,70,84.53,One year,Fiber optic,Yes,No,Yes,Yes
CUST100952,33,114.95,One year,Fiber optic,Yes,No,No,Yes
CUST100953,49,79.27,Two year,DSL,Yes,No,Yes,No
CUST100954,29,93.85,One year,DSL,No,No,Yes,Yes
CUST100955,63,69.64,Month-to-month,DSL,No,No,No,No
CUST100956,22,82.68,One year,No,No,No,Yes,No
CUST100957,26,25.24,Two year,DSL,Yes,Yes,Yes,No
CUST100958,28,43.95,Month-to-month,No,Yes,No,Yes,Yes
CUST100959,49,54.91,Month-to-month,Fiber optic,No,No,Yes,Yes
CUST100960,71,66.19,Month-to-month,DSL,No,No,No,No
CUST100961,49,22.66,One year,Fiber optic,Yes,No,No,Yes
CUST100962,20,32.28,One year,Fiber optic,No,No,Yes,No
CUST100963,63,46.24,Month-to-month,Fiber optic,No,No,No,Yes
CUST100964,61,117.1,Month-to-month,No,No,No,Yes,No
CUST100965,49,51.8,Month-to-month,DSL,No,Yes,Yes,No
CUST100966,71,67.17,Month-to-month,DSL,No,Yes,Yes,No
CUST100967,1,38.0,Two year,Fiber optic,No,No,Yes,No
CUST100968,13,80.3,Month-to-month,DSL,No,No,Yes,No
CUST100969,51,46.63,Month-to-month,DSL,Yes,No,Yes,Yes
CUST100970,56,39.11,Month-to-month,DSL,Yes,Yes,Yes,No
CUST100971,62,70.69,One year,DSL,Yes,Yes,Yes,No
CUST100972,32,18.56,Month-to-month,Fiber optic,No,No,Yes,Yes
CUST100973,30,18.78,One year,DSL,Yes,No,Yes,Yes
CUST100974,29,40.35,Month-to-month,Fiber optic,No,No,No,No
CUST100975,49,21.75,Month-to-month,Fiber optic,Yes,No,Yes,Yes
CUST100976,45,29.02,Month-to-month,Fiber optic,Yes,Yes,Yes,No
CUST100977,30,52.56,Month-to-month,DSL,No,No,No,Yes
CUST100978,16,99.86,Month-to-month,Fiber optic,Yes,No,No,Yes
CUST100979,40,76.35,Two year,DSL,Yes,Yes,Yes,No
CUST100980,19,70.29,One year,Fiber optic,Yes,No,Yes,No
CUST100981,18,47.94,Two year,Fiber optic,No,Yes,No,No
CUST100982,1,113.04,Month-to-month,Fiber optic,Yes,Yes,Yes,Yes
CUST100983,47,58.5,Two year,Fiber optic,No,Yes,No,Yes
CUST100984,66,26.88,Month-to-month,Fiber optic,No,Yes,No,No
CUST100985,38,80.94,Month-to-month,Fiber optic,Yes,No,Yes,Yes
CUST100986,51,29.61,Month-to-month,Fiber optic,Yes,No,No,No
CUST100987,63,53.21,Month-to-month,Fiber optic,Yes,No,Yes,Yes
CUST100988,4,69.76,One year,DSL,No,No,Yes,Yes
CUST100989,1,107.17,Month-to-month,Fiber optic,Yes,Yes,No,Yes
CUST100990,8,68.34,Month-to-month,No,Yes,Yes,Yes,Yes
CUST100991,29,89.63,One year,No,No,No,No,No
CUST100992,55,119.27,Month-to-month,Fiber optic,No,No,No,No
CUST100993,3,31.41,Month-to-month,Fiber optic,Yes,Yes,No,No
CUST100994,32,46.02,Month-to-month,DSL,Yes,No,Yes,No
CUST100995,10,58.25,One year,No,No,No,Yes,No
CUST100996,34,61.03,One year,DSL,No,No,Yes,No
CUST100997,55,59.92,Month-to-month,Fiber optic,No,No,Yes,No
CUST100998,32,110.58,Month-to-month,DSL,No,Yes,Yes,No
CUST100999,50,90.83,Month-to-month,DSL,No,No,No,No
CUST101000,7,80.01,One year,Fiber optic,No,Yes,No,Yes
CUST101001,8,49.56,Month-to-month,No,No,No,Yes,Yes
CUST101002,65,102.03,Month-to-month,DSL,Yes,Yes,Yes,No
CUST101003,57,115.42,Month-to-month,Fiber optic,No,No,No,Yes
CUST101004,67,101.76,Month-to-month,DSL,Yes,Yes,Yes,Yes
CUST101005,59,18.16,Month-to-month,DSL,Yes,No,Yes,Yes
CUST101006,72,82.91,One year,Fiber optic,No,No,No,No
CUST101007,54,23.22,Month-to-month,Fiber optic,Yes,No,No,Yes
CUST101008,67,44.28,Month-to-month,DSL,No,No,Yes,No
CUST101009,51,24.07,One year,DSL,Yes,No,No,No
CUST101010,8,79.59,One year,DSL,No,No,Yes,No
CUST101011,34,88.03,Month-to-month,DSL,No,No,No,No
CUST101012,35,29.68,Month-to-month,No,No,No,Yes,Yes
CUST101013,32,57.15,Month-to-month,No,Yes,No,Yes,No
CUST101014,46,64.54,Two year,DSL,Yes,No,No,No
CUST101015,16,55.64,Month-to-month,Fiber optic,No,No,Yes,Yes
CUST101016,68,30.34,Two year,No,Yes,No,No,No
CUST101017,37,60.73,One year,DSL,No,No,No,No
CUST101018,54,94.62,Month-to-month,Fiber optic,No,No,No,Yes
CUST101019,14,25.24,Month-to-month,No,Yes,No,No,Yes
CUST101020,55,26.18,Month-to-month,DSL,Yes,Yes,Yes,No
CUST101021,48,54.19,Month-to-month,DSL,Yes,No,No,No
CUST101022,7,114.06,Month-to-month,No,No,No,Yes,Yes
CUST101023,7,86.19,One year,Fiber optic,Yes,No,Yes,No
CUST101024,33,87.22,Two year,DSL,Yes,No,No,No
CUST101025,23,54.92,Month-to-month,DSL,Yes,Yes,Yes,Yes
CUST101026,19,78.55,One year,Fiber optic,No,No,Yes,Yes
CUST101027,19,19.03,Month-to-month,Fiber optic,Yes,No,Yes,No
CUST101028,36,82.88,Month-to-month,Fiber optic,Yes,No,Yes,Yes
CUST101029,29,111.16,Month-to-month,No,No,Yes,No,Yes
CUST101030,60,80.48,One year,DSL,No,No,Yes,No
CUST101031,2,107.12,Two year,Fiber optic,No,No,Yes,No
CUST101032,1,91.85,One year,Fiber optic,Yes,Yes,No,No
CUST101033,47,30.3,Month-to-month,Fiber optic,Yes,No,Yes,Yes
CUST101034,69,110.05,Month-to-month,DSL,No,Yes,Yes,Yes
CUST101035,20,24.78,Month-to-month,No,Yes,No,Yes,No
CUST101036,11,72.46,Month-to-month,Fiber optic,No,Yes,Yes,No
CUST101037,2,32.5,One year,Fiber optic,No,Yes,Yes,No
CUST101038,67,19.19,One year,Fiber optic,Yes,No,No,No
CUST101039,12,61.05,One year,DSL,No,Yes,Yes,No
CUST101040,20,48.09,Month-to-month,Fiber optic,No,Yes,No,No
CUST101041,5,67.57,Month-to-month,Fiber optic,Yes,No,No,Yes
CUST101042,37,76.87,Month-to-month,Fiber optic,No,No,No,Yes
CUST101043,38,22.46,Month-to-month,No,Yes,No,Yes,No
CUST101044,9,30.55,Month-to-month,Fiber optic,Yes,No,Yes,No
CUST101045,53,74.98,One year,Fiber optic,Yes,No,Yes,No
CUST101046,44,53.0,One year,Fiber optic,No,No,No,No
CUST101047,24,92.38,Month-to-month,DSL,No,Yes,Yes,No
CUST101048,30,84.53,Month-to-month,Fiber optic,No,Yes,Yes,No
CUST101049,59,104.25,Month-to-month,DSL,Yes,No,Yes,Yes
CUST101050,14,88.63,Month-to-month,Fiber optic,No,No,Yes,No
CUST101051,9,61.85,One year,Fiber optic,Yes,No,Yes,No
CUST101052,40,86.64,Month-to-month,Fiber optic,No,No,Yes,No
CUST101053,66,46.09,Month-to-month,Fiber optic,Yes,No,Yes,No
CUST101054,25,49.24,Month-to-month,Fiber optic,Yes,Yes,Yes,No
CUST101055,22,98.48,Two year,DSL,Yes,Yes,Yes,No
CUST101056,4,63.53,Month-to-month,Fiber optic,No,No,No,Yes
CUST101057,26,99.43,Month-to-month,DSL,Yes,No,Yes,Yes
CUST101058,58,101.89,Month-to-month,DSL,No,No,Yes,Yes
CUST101059,29,105.47,One year,Fiber optic,Yes,Yes,Yes,No
CUST101060,37,111.5,Two year,DSL,Yes,No,Yes,No
CUST101061,70,61.96,Month-to-month,DSL,No,No,No,No
CUST101062,18,50.52,Two year,Fiber optic,No,Yes,Yes,No
CUST101063,42,77.38,Two year,Fiber optic,No,No,No,No
CUST101064,41,55.86,Two year,Fiber optic,Yes,No,No,Yes
CUST101065,38,79.31,One year,No,Yes,No,No,No
CUST101066,34,89.97,One year,Fiber optic,Yes,No,Yes,No
CUST101067,17,88.22,Month-to-month,Fiber optic,No,Yes,Yes,Yes
CUST101068,37,56.2,One year,DSL,No,No,No,Yes
CUST101069,25,35.02,Month-to-month,Fiber optic,No,Yes,Yes,Yes
CUST101070,27,61.91,One year,Fiber optic,No,No,No,No
CUST101071,57,32.54,Month-to-month,Fiber optic,Yes,No,No,No
CUST101072,31,108.79,One year,Fiber optic,No,No,No,No
CUST101073,6,53.28,One year,Fiber optic,No,No,Yes,Yes
CUST101074,40,33.75,Month-to-month,DSL,No,No,No,No
CUST101075,12,20.6,One year,Fiber optic,Yes,No,No,No
CUST101076,53,83.87,Month-to-month,Fiber optic,Yes,No,No,Yes
CUST101077,71,82.96,One year,Fiber optic,Yes,No,Yes,No
CUST101078,10,52.74,Month-to-month,DSL,Yes,No,Yes,Yes
CUST101079,45,25.31,Month-to-month,No,Yes,No,Yes,No
CUST101080,17,59.78,Two year,No,Yes,No,Yes,No
CUST101081,26,49.74,Month-to-month,DSL,No,No,Yes,No
CUST101082,62,87.07,One year,DSL,Yes,No,No,No
CUST101083,46,79.79,Month-to-month,Fiber optic,Yes,Yes,Yes,No
CUST101084,64,55.19,Month-to-month,No,Yes,Yes,No,Yes
CUST101085,2,40.23,Month-to-month,Fiber optic,No,Yes,Yes,Yes
CUST101086,54,118.78,Month-to-month,DSL,No,No,Yes,Yes
CUST101087,65,64.31,Month-to-month,Fiber optic,No,No,Yes,Yes
CUST101088,51,88.2,Month-to-month,Fiber optic,Yes,No,Yes,Yes
CUST101089,53,32.34,Month-to-month,DSL,No,No,No,No
CUST101090,36,67.53,Month-to-month,Fiber optic,Yes,No,Yes,Yes
CUST101091,26,20.81,Two year,DSL,Yes,No,Yes,No
CUST101092,29,69.56,Two year,DSL,Yes,Yes,Yes,No
CUST101093,21,116.33,Month-to-month,Fiber optic,Yes,Yes,No,Yes
CUST101094,11,57.19,One year,Fiber optic,Yes,No,Yes,No
CUST101095,40,21.98,Month-to-month,DSL,No,No,Yes,No
CUST101096,11,21.16,One year,Fiber optic,No,No,Yes,No
CUST101097,36,57.57,One year,DSL,Yes,Yes,Yes,No
CUST101098,59,34.32,Two year,DSL,No,No,Yes,No
CUST101099,39,20.38,Month-to-month,DSL,Yes,Yes,No,No
CUST101100,54,95.13,One year,No,Yes,Yes,Yes,No
CUST101101,55,64.77,Month-to-month,Fiber optic,No,Yes,Yes,No
CUST101102,24,47.5,Two year,Fiber optic,No,Yes,Yes,No
CUST101103,22,109.81,Month-to-month,Fiber optic,Yes,No,Yes,Yes
CUST101104,69,29.85,One year,No,Yes,Yes,Yes,No
CUST101105,56,115.5,One year,DSL,No,No,No,No
CUST101106,33,50.02,One year,Fiber optic,No,No,No,Yes
CUST101107,36,108.62,Month-to-month,Fiber optic,No,Yes,No,Yes
CUST101108,20,79.5,Two year,Fiber optic,Yes,Yes,No,No
CUST101109,62,102.32,Month-to-month,DSL,Yes,No,Yes,No
CUST101110,26,118.37,One year,Fiber optic,Yes,Yes,Yes,No
CUST101111,66,47.42,Month-to-month,DSL,Yes,No,Yes,No
CUST101112,40,116.04,Month-to-month,Fiber optic,No,No,Yes,No
CUST101113,17,57.73,Month-to-month,Fiber optic,No,Yes,Yes,No
CUST101114,1,57.32,Month-to-month,DSL,Yes,No,Yes,Yes
CUST101115,61,52.72,Month-to-month,Fiber optic,No,Yes,No,No
CUST101116,43,73.22,Month-to-month,DSL,No,No,No,No
CUST101117,42,33.72,Month-to-month,Fiber optic,Yes,No,No,No
CUST101118,25,74.48,One year,Fiber optic,No,Yes,No,No
CUST101119,39,73.25,Two year,DSL,No,Yes,Yes,No
CUST101120,35,95.71,Month-to-month,DSL,No,No,Yes,Yes
CUST101121,3,103.03,Month-to-month,No,Yes,No,No,Yes
CUST101122,44,62.93,Month-to-month,DSL,No,Yes,Yes,No
CUST101123,51,48.84,Month-to-month,DSL,No,No,Yes,No
CUST101124,12,44.45,One year,DSL,Yes,No,Yes,No
CUST101125,19,37.85,One year,Fiber optic,Yes,No,Yes,No
CUST101126,44,23.88,Month-to-month,Fiber optic,No,Yes,Yes,Yes
CUST101127,59,52.93,Month-to-month,DSL,Yes,No,Yes,No
CUST101128,49,45.57,Month-to-month,DSL,No,No,Yes,Yes
CUST101129,61,116.57,One year,DSL,No,Yes,No,No
CUST101130,17,74.89,Two year,DSL,Yes,No,Yes,Yes
CUST101131,57,53.42,Month-to-month,Fiber optic,Yes,No,Yes,No
CUST101132,55,77.21,Month-to-month,Fiber optic,No,No,Yes,No
CUST101133,47,32.2,Two year,DSL,Yes,Yes,Yes,No
CUST101134,12,63.29,Two year,Fiber optic,No,No,No,No
CUST101135,62,81.88,Month-to-month,Fiber optic,No,No,No,Yes
CUST101136,8,67.87,Month-to-month,No,No,No,No,No
CUST101137,21,58.98,Month-to-month,No,No,No,Yes,No
CUST101138,70,119.37,Month-to-month,Fiber optic,No,No,Yes,Yes
CUST101139,72,107.79,Month-to-month,DSL,Yes,No,Yes,Yes
CUST101140,25,81.59,Month-to-month,DSL,No,Yes,Yes,No
CUST101141,12,76.08,Month-to-month,DSL,No,No,Yes,Yes
CUST101142,15,81.31,Month-to-month,DSL,Yes,No,Yes,No
CUST101143,59,38.53,One year,Fiber optic,Yes,Yes,Yes,Yes
CUST101144,26,58.3,Month-to-month,Fiber optic,No,No,No,Yes
CUST101145,26,22.02,Month-to-month,Fiber optic,Yes,No,Yes,No
CUST101146,47,66.51,Month-to-month,Fiber optic,No,Yes,No,Yes
CUST101147,32,73.39,Month-to-month,Fiber optic,No,Yes,Yes,No
CUST101148,10,41.23,Two year,Fiber optic,Yes,Yes,Yes,Yes
CUST101149,16,116.33,Month-to-month,DSL,No,Yes,No,Yes
CUST101150,71,110.76,Month-to-month,DSL,Yes,No,No,No
CUST101151,17,91.66,One year,Fiber optic,Yes,Yes,Yes,No
CUST101152,23,72.41,Month-to-month,DSL,No,No,Yes,No
CUST101153,26,106.74,Two year,Fiber optic,Yes,No,Yes,Yes
CUST101154,7,31.33,Month-to-month,DSL,No,Yes,Yes,No
CUST101155,14,98.63,Month-to-month,Fiber optic,No,No,No,No
CUST101156,7,30.73,Month-to-month,Fiber optic,No,No,No,Yes
CUST101157,9,99.01,Month-to-month,DSL,Yes,No,Yes,No
CUST101158,48,46.13,One year,Fiber optic,Yes,Yes,Yes,No
CUST101159,72,107.46,One year,DSL,No,Yes,Yes,No
CUST101160,59,114.29,Month-to-month,Fiber optic,No,No,Yes,Yes
CUST101161,39,33.18,Month-to-month,Fiber optic,No,No,No,No
CUST101162,18,65.19,One year,Fiber optic,No,No,No,Yes
CUST101163,59,118.06,Two year,No,Yes,No,Yes,No
CUST101164,17,67.31,Month-to-month,DSL,Yes,Yes,Yes,Yes
CUST101165,14,106.08,Month-to-month,Fiber optic,No,No,Yes,Yes
CUST101166,31,78.05,Month-to-month,Fiber optic,Yes,Yes,Yes,No
CUST101167,24,56.28,Two year,No,Yes,Yes,No,No
CUST101168,60,47.15,Month-to-month,DSL,No,No,Yes,No
CUST101169,45,38.73,Month-to-month,Fiber optic,Yes,Yes,Yes,Yes
CUST101170,3,95.7,One year,Fiber optic,Yes,No,Yes,Yes
CUST101171,37,57.43,Month-to-month,DSL,Yes,No,No,No
CUST101172,43,70.15,Month-to-month,Fiber optic,No,Yes,Yes,No
CUST101173,40,68.22,Month-to-month,DSL,No,No,No,No
CUST101174,55,76.88,Month-to-month,Fiber optic,No,No,No,Yes
CUST101175,39,106.29,Month-to-month,Fiber optic,No,No,No,Yes
CUST101176,15,118.04,Month-to-month,Fiber optic,Yes,Yes,Yes,Yes
CUST101177,4,59.57,Month-to-month,Fiber optic,No,No,Yes,No
CUST101178,25,102.41,Month-to-month,Fiber optic,Yes,No,Yes,Yes
CUST101179,13,95.98,One year,DSL,Yes,No,Yes,No
CUST101180,33,76.5,One year,DSL,No,Yes,Yes,No
CUST101181,16,115.52,Month-to-month,Fiber optic,No,No,Yes,Yes
CUST101182,42,38.45,Month-to-month,DSL,Yes,Yes,Yes,No
CUST101183,66,29.14,Month-to-month,DSL,Yes,No,No,No
CUST101184,55,105.1,Month-to-month,Fiber optic,No,Yes,Yes,No
CUST101185,42,62.79,Month-to-month,DSL,Yes,No,Yes,Yes
CUST101186,34,104.39,One year,DSL,Yes,No,No,No
CUST101187,30,109.1,Month-to-month,Fiber optic,Yes,Yes,No,Yes
CUST101188,13,24.37,Month-to-month,DSL,Yes,Yes,No,Yes
CUST101189,13,108.11,Month-to-month,No,No,No,No,No
CUST101190,18,63.73,One year,Fiber optic,Yes,No,No,No
CUST101191,32,70.06,Month-to-month,Fiber optic,Yes,No,Yes,Yes
CUST101192,39,81.91,One year,DSL,No,No,Yes,No
CUST101193,46,112.49,Month-to-month,Fiber optic,No,Yes,Yes,No
CUST101194,29,19.95,Two year,Fiber optic,Yes,No,Yes,No
CUST101195,62,66.64,Two year,Fiber optic,Yes,No,Yes,No
CUST101196,62,88.15,Month-to-month,DSL,Yes,No,Yes,No
CUST101197,57,91.72,Month-to-month,Fiber optic,No,No,Yes,No
CUST101198,16,88.64,Month-to-month,Fiber optic,No,No,Yes,No
CUST101199,56,31.71,Month-to-month,Fiber optic,No,No,Yes,Yes
CUST101200,10,48.54,One year,Fiber optic,No,Yes,No,Yes
CUST101201,30,54.59,One year,Fiber optic,No,No,Yes,Yes
CUST101202,25,100.05,One year,Fiber optic,No,No,No,No
CUST101203,5,46.43,One year,DSL,No,Yes,Yes,No
CUST101204,65,39.49,Month-to-month,Fiber optic,Yes,No,No,Yes
CUST101205,49,115.66,Month-to-month,DSL,No,No,No,No
CUST101206,3,18.9,One year,Fiber optic,Yes,No,No,No
CUST101207,45,119.78,Month-to-month,DSL,Yes,No,No,No
CUST101208,14,87.04,One year,Fiber optic,No,No,Yes,No
CUST101209,30,102.5,Month-to-month,DSL,Yes,Yes,No,Yes
CUST101210,68,48.05,Month-to-month,Fiber optic,No,No,No,No
CUST101211,18,19.46,Two year,Fiber optic,No,No,No,No
CUST101212,62,93.26,Month-to-month,DSL,Yes,No,No,Yes
CUST101213,37,103.08,Two year,DSL,No,No,Yes,No
CUST101214,25,93.53,Two year,DSL,Yes,Yes,No,No
CUST101215,48,32.57,One year,Fiber optic,Yes,No,Yes,No
CUST101216,65,94.85,One year,Fiber optic,No,No,Yes,No
CUST101217,53,96.43,Month-to-month,Fiber optic,No,No,Yes,No
CUST101218,15,85.17,Two year,DSL,No,No,No,No
CUST101219,49,96.14,Month-to-month,Fiber optic,Yes,No,Yes,Yes
CUST101220,68,104.28,Month-to-month,Fiber optic,No,No,Yes,No
CUST101221,12,80.59,One year,Fiber optic,Yes,No,Yes,No
CUST101222,59,27.04,Month-to-month,Fiber optic,No,No,No,No
CUST101223,37,67.74,Month-to-month,DSL,Yes,No,Yes,No
CUST101224,61,25.92,Month-to-month,DSL,No,No,Yes,No
CUST101225,43,59.57,Month-to-month,DSL,Yes,No,Yes,No
CUST101226,70,59.52,Two year,DSL,Yes,No,No,No
CUST101227,39,24.73,Month-to-month,DSL,No,Yes,No,No
CUST101228,56,53.58,Two year,DSL,No,No,No,No
CUST101229,63,29.32,One year,Fiber optic,No,Yes,Yes,No
CUST101230,46,100.44,One year,No,No,No,No,No
CUST101231,11,114.66,Month-to-month,Fiber optic,No,No,Yes,No
CUST101232,62,25.38,One year,Fiber optic,No,No,Yes,No
CUST101233,25,115.42,Month-to-month,Fiber optic,Yes,No,Yes,Yes
CUST101234,71,71.3,One year,DSL,No,Yes,Yes,No
CUST101235,52,48.56,Month-to-month,Fiber optic,Yes,No,No,No
CUST101236,4,25.84,Two year,DSL,No,No,Yes,No
CUST101237,59,69.06,Two year,Fiber optic,No,No,Yes,No
CUST101238,72,99.04,Month-to-month,DSL,No,Yes,Yes,Yes
CUST101239,20,90.12,Month-to-month,No,No,No,Yes,Yes
CUST101240,63,23.12,One year,DSL,No,No,Yes,No
CUST101241,54,25.44,Month-to-month,DSL,No,No,Yes,No
CUST101242,57,59.09,Two year,No,Yes,No,Yes,No
CUST101243,41,48.12,Month-to-month,DSL,No,No,No,Yes
CUST101244,3,41.7,Month-to-month,Fiber optic,Yes,No,No,Yes
CUST101245,6,46.66,Two year,Fiber optic,No,No,No,No
CUST101246,5,99.96,One year,Fiber optic,Yes,No,Yes,Yes
CUST101247,5,112.78,One year,No,Yes,Yes,No,No
CUST101248,54,59.32,Month-to-month,No,Yes,No,No,Yes
CUST101249,47,110.42,One year,DSL,Yes,No,No,No
CUST101250,49,50.79,Month-to-month,Fiber optic,No,Yes,Yes,Yes
CUST101251,9,66.6,One year,Fiber optic,Yes,Yes,Yes,Yes
CUST101252,20,41.05,One year,Fiber optic,No,No,No,No
CUST101253,61,83.33,Month-to-month,DSL,Yes,Yes,Yes,Yes
CUST101254,35,117.86,Month-to-month,Fiber optic,No,No,Yes,No
CUST101255,50,79.56,Month-to-month,No,No,Yes,Yes,No
CUST101256,62,54.5,One year,No,No,No,Yes,No
CUST101257,17,84.08,Month-to-month,Fiber optic,No,Yes,No,No
CUST101258,3,30.54,One year,DSL,Yes,Yes,Yes,Yes
CUST101259,32,108.64,Month-to-month,Fiber optic,No,No,Yes,Yes
CUST101260,13,69.31,One year,Fiber optic,Yes,No,No,No
CUST101261,68,63.83,One year,Fiber optic,No,Yes,Yes,No
CUST101262,14,77.76,Month-to-month,Fiber optic,No,No,Yes,No
CUST101263,11,81.73,Month-to-month,DSL,Yes,No,Yes,No
CUST101264,56,25.32,Month-to-month,Fiber optic,No,No,No,No
CUST101265,67,87.63,One year,Fiber optic,No,No,Yes,Yes
CUST101266,29,42.68,One year,No,Yes,No,No,No
CUST101267,9,90.82,Month-to-month,Fiber optic,Yes,No,Yes,No
CUST101268,67,101.9,One year,DSL,Yes,No,Yes,No
CUST101269,25,100.0,Month-to-month,Fiber optic,No,Yes,Yes,No
CUST101270,42,74.36,Month-to-month,DSL,No,No,Yes,Yes
CUST101271,9,71.06,Two year,No,Yes,No,No,No
CUST101272,40,32.57,Month-to-month,Fiber optic,Yes,No,No,No
CUST101273,25,97.09,Month-to-month,Fiber optic,No,No,Yes,No
CUST101274,5,45.68,Month-to-month,Fiber optic,No,No,Yes,No
CUST101275,11,68.66,Month-to-month,Fiber optic,Yes,No,No,Yes
CUST101276,59,47.0,Month-to-month,Fiber optic,Yes,No,Yes,Yes
CUST101277,38,31.65,Month-to-month,Fiber optic,No,No,Yes,No
CUST101278,72,82.21,One year,DSL,Yes,No,No,No
CUST101279,5,23.54,Month-to-month,DSL,Yes,No,Yes,No
CUST101280,48,94.36,Month-to-month,DSL,No,No,No,No
CUST101281,18,50.39,Month-to-month,Fiber optic,No,Yes,Yes,No
CUST101282,70,18.01,Month-to-month,DSL,Yes,No,No,No
CUST101283,37,70.14,One year,Fiber optic,Yes,No,Yes,No
CUST101284,60,22.78,Two year,Fiber optic,Yes,No,Yes,No
CUST101285,48,46.17,Month-to-month,Fiber optic,Yes,Yes,Yes,Yes
CUST101286,28,90.11,Two year,Fiber optic,No,No,Yes,Yes
CUST101287,69,24.39,Month-to-month,Fiber optic,Yes,No,Yes,No
CUST101288,40,103.61,Month-to-month,DSL,No,No,Yes,No
CUST101289,45,18.39,Month-to-month,Fiber optic,No,No,Yes,Yes
CUST101290,62,43.18,Month-to-month,Fiber optic,Yes,No,No,Yes
CUST101291,58,93.57,Month-to-month,DSL,Yes,Yes,Yes,No
CUST101292,67,50.26,One year,Fiber optic,No,Yes,Yes,Yes
CUST101293,56,28.39,Month-to-month,Fiber optic,No,No,Yes,No
CUST101294,40,54.74,Two year,Fiber optic,No,No,Yes,No
CUST101295,40,45.58,Month-to-month,DSL,Yes,Yes,Yes,Yes
CUST101296,33,103.96,Month-to-month,Fiber optic,No,Yes,Yes,No
CUST101297,6,49.96,One year,DSL,No,Yes,No,Yes
CUST101298,19,98.47,Month-to-month,DSL,No,No,Yes,No
CUST101299,40,108.97,Month-to-month,No,Yes,Yes,Yes,Yes
CUST101300,59,62.25,One year,Fiber optic,No,No,No,Yes
CUST101301,59,110.81,Two year,Fiber optic,No,No,No,Yes
CUST101302,48,56.49,One year,DSL,Yes,Yes,Yes,Yes
CUST101303,41,116.34,One year,Fiber optic,No,No,No,Yes
CUST101304,13,27.11,One year,Fiber optic,Yes,Yes,Yes,No
CUST101305,45,88.08,Two year,DSL,Yes,No,No,No
CUST101306,53,68.37,Month-to-month,Fiber optic,Yes,Yes,Yes,Yes
CUST101307,42,57.54,Month-to-month,DSL,No,No,No,No
CUST101308,63,82.54,Month-to-month,Fiber optic,Yes,No,No,No
CUST101309,27,89.79,Month-to-month,Fiber optic,No,Yes,Yes,No
CUST101310,38,18.45,One year,DSL,No,Yes,Yes,No
CUST101311,60,35.03,One year,DSL,Yes,No,Yes,No
CUST101312,7,90.73,Month-to-month,DSL,No,Yes,Yes,Yes
CUST101313,5,85.97,Month-to-month,DSL,No,No,Yes,Yes
CUST101314,45,116.54,One year,Fiber optic,No,No,Yes,No
CUST101315,58,95.63,Month-to-month,Fiber optic,No,No,Yes,No
CUST101316,31,114.98,One year,DSL,No,No,Yes,No
CUST101317,23,89.66,Month-to-month,DSL,Yes,No,Yes,Yes
CUST101318,42,48.4,Month-to-month,Fiber optic,No,No,Yes,No
CUST101319,10,28.75,Month-to-month,Fiber optic,Yes,No,Yes,No
CUST101320,32,97.75,Month-to-month,DSL,No,Yes,No,Yes
CUST101321,53,83.7,One year,DSL,Yes,Yes,Yes,No
CUST101322,30,22.91,Two year,Fiber optic,No,No,Yes,No
CUST101323,39,54.73,One year,DSL,No,No,No,Yes
CUST101324,31,115.59,Month-to-month,DSL,No,No,No,Yes
CUST101325,2,69.04,Month-to-month,Fiber optic,Yes,Yes,Yes,Yes
CUST101326,12,62.14,One year,Fiber optic,Yes,No,No,Yes
CUST101327,39,64.69,One year,Fiber optic,No,Yes,Yes,No
CUST101328,66,39.31,Month-to-month,Fiber optic,No,Yes,No,No
CUST101329,13,55.61,Month-to-month,Fiber optic,Yes,No,Yes,No
CUST101330,46,55.72,One year,DSL,No,Yes,Yes,Yes
CUST101331,27,23.34,Month-to-month,Fiber optic,No,No,Yes,Yes
CUST101332,17,96.29,Month-to-month,DSL,Yes,No,No,No
CUST101333,60,60.48,Month-to-month,DSL,No,No,Yes,No
CUST101334,64,101.86,Month-to-month,Fiber optic,No,No,Yes,No
CUST101335,35,104.74,Two year,Fiber optic,No,Yes,Yes,No
CUST101336,70,39.62,Two year,No,Yes,Yes,No,No
CUST101337,30,85.05,Month-to-month,Fiber optic,No,No,No,Yes
CUST101338,71,66.17,Month-to-month,DSL,No,No,Yes,No
CUST101339,63,107.78,Month-to-month,DSL,Yes,No,Yes,No
CUST101340,28,40.01,Month-to-month,Fiber optic,No,Yes,Yes,No
CUST101341,60,87.14,Month-to-month,Fiber optic,No,No,Yes,No
CUST101342,37,79.99,One year,Fiber optic,No,No,No,No
CUST101343,22,48.12,Month-to-month,Fiber optic,Yes,No,Yes,Yes
CUST101344,68,31.93,Month-to-month,Fiber optic,No,No,Yes,No
CUST101345,20,84.47,Month-to-month,Fiber optic,No,Yes,Yes,No
CUST101346,68,93.34,Month-to-month,DSL,Yes,Yes,Yes,No
CUST101347,64,50.19,Month-to-month,Fiber optic,Yes,No,Yes,Yes
CUST101348,17,83.77,Month-to-month,Fiber optic,No,No,Yes,Yes
CUST101349,12,58.3,Two year,DSL,No,Yes,Yes,No
CUST101350,22,90.75,Month-to-month,Fiber optic,Yes,No,Yes,Yes
CUST101351,17,38.32,Month-to-month,DSL,No,Yes,Yes,No
CUST101352,10,108.8,Two year,No,Yes,Yes,Yes,Yes
CUST101353,65,47.32,Two year,DSL,No,No,Yes,No
CUST101354,22,55.51,Month-to-month,Fiber optic,No,Yes,No,Yes
CUST101355,50,23.93,One year,DSL,No,No,Yes,No
CUST101356,14,29.37,Month-to-month,Fiber optic,Yes,No,Yes,No
CUST101357,64,70.62,Month-to-month,DSL,No,Yes,No,Yes
CUST101358,47,45.29,Month-to-month,DSL,Yes,Yes,No,Yes
CUST101359,29,103.22,One year,Fiber optic,Yes,No,Yes,Yes
CUST101360,36,19.5,One year,No,No,Yes,Yes,No
CUST101361,52,56.67,Month-to-month,DSL,No,No,Yes,Yes
CUST101362,7,52.41,Month-to-month,DSL,Yes,No,Yes,No
CUST101363,29,19.97,One year,Fiber optic,No,No,Yes,No
CUST101364,11,30.69,Month-to-month,Fiber optic,No,No,No,Yes
CUST101365,33,60.19,Month-to-month,No,Yes,Yes,No,No
CUST101366,6,68.27,One year,DSL,No,Yes,Yes,No
CUST101367,32,59.24,One year,Fiber optic,No,Yes,Yes,No
CUST101368,51,72.16,One year,DSL,No,No,Yes,No
CUST101369,58,78.7,Two year,DSL,No,No,Yes,No
CUST101370,26,19.01,Month-to-month,Fiber optic,No,Yes,Yes,No
CUST101371,46,65.34,One year,Fiber optic,Yes,Yes,No,No
CUST101372,29,116.28,One year,Fiber optic,No,No,Yes,Yes
CUST101373,4,70.94,Month-to-month,DSL,No,No,No,Yes
CUST101374,13,87.11,Month-to-month,Fiber optic,Yes,No,No,Yes
CUST101375,39,49.81,Month-to-month,Fiber optic,No,No,No,No
CUST101376,15,96.95,Month-to-month,No,No,No,Yes,No
CUST101377,29,96.84,One year,DSL,No,No,Yes,Yes
CUST101378,29,71.17,One year,DSL,Yes,No,Yes,Yes
CUST101379,32,117.55,Month-to-month,Fiber optic,Yes,No,Yes,Yes
CUST101380,2,30.81,Month-to-month,Fiber optic,No,No,Yes,Yes
CUST101381,47,19.73,Two year,DSL,Yes,Yes,Yes,No
CUST101382,22,96.56,Month-to-month,No,No,Yes,Yes,Yes
CUST101383,27,100.33,Month-to-month,DSL,Yes,No,Yes,No
CUST101384,67,30.26,Month-to-month,Fiber optic,Yes,No,No,No
CUST101385,56,45.09,Month-to-month,DSL,Yes,No,Yes,No
CUST101386,21,19.79,Month-to-month,Fiber optic,Yes,Yes,Yes,No
CUST101387,47,47.92,Month-to-month,No,No,No,Yes,No
CUST101388,59,96.86,Month-to-month,DSL,No,No,No,No
CUST101389,6,70.83,Month-to-month,No,Yes,Yes,Yes,Yes
CUST101390,19,53.51,Month-to-month,Fiber optic,Yes,No,Yes,No
CUST101391,57,55.92,Month-to-month,No,No,No,Yes,No
CUST101392,69,18.14,One year,Fiber optic,Yes,No,No,No
CUST101393,3,48.58,One year,DSL,No,No,No,No
CUST101394,1,83.94,Month-to-month,DSL,No,No,Yes,Yes
CUST101395,58,117.37,Month-to-month,DSL,No,No,Yes,No
CUST101396,38,104.4,One year,DSL,No,No,Yes,Yes
CUST101397,15,20.41,Month-to-month,DSL,No,No,Yes,No
CUST101398,34,109.65,Month-to-month,DSL,No,No,No,Yes
CUST101399,61,97.89,One year,Fiber optic,Yes,No,No,No
CUST101400,35,97.6,Two year,Fiber optic,Yes,Yes,No,No
CUST101401,64,64.72,One year,DSL,Yes,No,Yes,No
CUST101402,25,58.6,Month-to-month,DSL,No,No,Yes,No
CUST101403,24,48.9,One year,Fiber optic,No,No,Yes,No
CUST101404,12,24.7,Month-to-month,DSL,No,No,No,Yes
CUST101405,18,41.28,One year,DSL,Yes,Yes,No,No
CUST101406,15,43.15,Month-to-month,DSL,No,No,Yes,Yes
CUST101407,27,67.38,Month-to-month,No,Yes,Yes,Yes,Yes
CUST101408,72,94.24,One year,Fiber optic,Yes,Yes,Yes,No
CUST101409,60,66.33,Month-to-month,Fiber optic,Yes,No,Yes,Yes
CUST101410,46,23.9,Month-to-month,Fiber optic,Yes,Yes,No,No
CUST101411,17,115.69,Two year,Fiber optic,No,No,Yes,No
CUST101412,53,114.16,Month-to-month,Fiber optic,Yes,No,No,Yes
CUST101413,8,98.09,Month-to-month,Fiber optic,No,No,Yes,No
CUST101414,27,119.12,Month-to-month,Fiber optic,No,No,No,Yes
CUST101415,46,73.54,One year,DSL,No,Yes,Yes,No
CUST101416,50,116.2,One year,DSL,No,Yes,No,No
CUST101417,71,25.71,Month-to-month,Fiber optic,Yes,No,Yes,No
CUST101418,3,55.3,One year,Fiber optic,No,No,Yes,Yes
CUST101419,64,40.99,Month-to-month,Fiber optic,No,No,Yes,No
CUST101420,44,37.97,One year,Fiber optic,Yes,No,Yes,No
CUST101421,53,32.36,Month-to-month,No,No,Yes,Yes,No
CUST101422,24,81.49,Month-to-month,DSL,Yes,No,Yes,No
CUST101423,60,97.69,Two year,Fiber optic,Yes,No,No,Yes
CUST101424,3,76.99,Month-to-month,Fiber optic,No,Yes,Yes,Yes
CUST101425,20,32.99,Month-to-month,No,No,Yes,No,Yes
CUST101426,46,100.73,Month-to-month,No,Yes,Yes,No,Yes
CUST101427,15,82.87,Two year,Fiber optic,No,Yes,Yes,Yes
CUST101428,25,57.59,Month-to-month,DSL,No,No,No,No
CUST101429,71,86.76,Month-to-month,Fiber optic,No,Yes,Yes,No
CUST101430,17,44.51,Month-to-month,DSL,Yes,Yes,Yes,No
CUST101431,9,53.21,Month-to-month,Fiber optic,No,Yes,Yes,Yes
CUST101432,38,111.58,Month-to-month,No,Yes,No,No,Yes
CUST101433,48,47.63,One year,Fiber optic,No,No,Yes,No
CUST101434,60,65.94,Two year,Fiber optic,Yes,Yes,Yes,No
CUST101435,63,108.79,Month-to-month,Fiber optic,Yes,No,Yes,No
CUST101436,2,90.19,Month-to-month,Fiber optic,No,Yes,No,No
CUST101437,72,24.34,Month-to-month,DSL,Yes,No,Yes,No
CUST101438,11,33.02,Month-to-month,Fiber optic,Yes,Yes,No,No
CUST101439,64,18.8,Two year,No,Yes,No,No,No
CUST101440,72,82.35,Month-to-month,No,No,No,No,No
CUST101441,21,63.66,Month-to-month,DSL,Yes,No,No,Yes
CUST101442,18,31.7,One year,Fiber optic,No,Yes,No,No
CUST101443,64,115.71,Month-to-month,Fiber optic,Yes,No,Yes,No
CUST101444,38,72.03,One year,DSL,Yes,No,Yes,No
CUST101445,32,42.67,Month-to-month,DSL,Yes,Yes,Yes,Yes
CUST101446,11,69.06,One year,DSL,No,No,Yes,Yes
CUST101447,45,87.32,Two year,No,Yes,Yes,Yes,Yes
CUST101448,33,25.78,One year,Fiber optic,Yes,Yes,Yes,Yes
CUST101449,41,46.02,Two year,Fiber optic,No,Yes,Yes,No
CUST101450,8,100.31,Month-to-month,DSL,No,No,No,Yes
CUST101451,11,64.89,Month-to-month,Fiber optic,Yes,No,Yes,Yes
CUST101452,51,73.75,One year,DSL,Yes,No,No,No
CUST101453,41,62.15,Month-to-month,Fiber optic,No,Yes,Yes,Yes
CUST101454,17,22.48,Month-to-month,Fiber optic,Yes,No,Yes,Yes
CUST101455,46,34.91,Month-to-month,DSL,Yes,Yes,No,No
CUST101456,32,63.45,Month-to-month,Fiber optic,No,No,Yes,No
CUST101457,54,39.34,Month-to-month,DSL,No,No,Yes,No
CUST101458,20,23.1,Month-to-month,Fiber optic,No,Yes,Yes,Yes
CUST101459,33,104.05,One year,Fiber optic,Yes,No,Yes,No
CUST101460,40,118.08,Month-to-month,Fiber optic,Yes,No,No,No
CUST101461,32,98.9,Month-to-month,DSL,No,No,No,No
CUST101462,2,105.09,Month-to-month,DSL,Yes,No,Yes,Yes
CUST101463,33,42.68,Month-to-month,No,No,No,Yes,No
CUST101464,30,115.98,Two year,DSL,No,No,Yes,No
CUST101465,33,38.09,Month-to-month,Fiber optic,Yes,No,Yes,No
CUST101466,26,115.05,Month-to-month,No,No,Yes,Yes,Yes
CUST101467,22,119.47,One year,DSL,No,No,Yes,No
CUST101468,66,90.6,Month-to-month,DSL,No,No,Yes,No
CUST101469,38,118.08,Month-to-month,Fiber optic,Yes,Yes,Yes,Yes
CUST101470,46,76.09,Month-to-month,No,Yes,Yes,Yes,No
CUST101471,15,44.47,Two year,No,No,No,No,No
CUST101472,44,62.57,Month-to-month,Fiber optic,Yes,No,Yes,No
CUST101473,49,78.54,Month-to-month,Fiber optic,No,No,No,No
CUST101474,61,25.45,Month-to-month,DSL,Yes,Yes,No,Yes
CUST101475,67,81.48,Month-to-month,No,No,No,Yes,No
CUST101476,6,118.08,Month-to-month,No,Yes,Yes,Yes,Yes
CUST101477,9,37.39,Month-to-month,DSL,No,No,No,No
CUST101478,6,98.84,Month-to-month,DSL,Yes,No,No,Yes
CUST101479,32,110.61,Two year,DSL,Yes,Yes,No,No
CUST101480,41,114.26,One year,DSL,Yes,No,Yes,No
CUST101481,8,115.93,Month-to-month,Fiber optic,No,No,No,No
CUST101482,72,71.19,One year,Fiber optic,Yes,No,Yes,No
CUST101483,50,117.69,Month-to-month,DSL,No,No,No,Yes
CUST101484,62,95.25,Month-to-month,DSL,No,No,No,No
CUST101485,62,34.49,One year,No,Yes,No,Yes,Yes
CUST101486,7,66.64,One year,Fiber optic,No,Yes,No,Yes
CUST101487,4,91.27,One year,Fiber optic,Yes,Yes,Yes,Yes
CUST101488,6,43.23,Month-to-month,DSL,No,Yes,No,No
CUST101489,58,83.34,Two year,No,No,No,Yes,No
CUST101490,22,85.99,Month-to-month,Fiber optic,Yes,No,No,Yes
CUST101491,26,34.6,Two year,DSL,Yes,No,Yes,No
CUST101492,3,75.64,Two year,DSL,Yes,No,No,Yes
CUST101493,41,96.71,Month-to-month,DSL,No,No,Yes,No
CUST101494,60,68.89,One year,DSL,Yes,No,Yes,No
CUST101495,14,19.23,Month-to-month,Fiber optic,No,No,Yes,Yes
CUST101496,12,18.92,Month-to-month,No,Yes,No,No,No
CUST101497,12,54.42,Month-to-month,Fiber optic,No,No,Yes,Yes
CUST101498,13,112.47,Month-to-month,Fiber optic,Yes,Yes,Yes,No
CUST101499,25,41.33,Two year,Fiber optic,No,No,Yes,No
